iter	RMSE
0	0.03044910614
1	0.03024015423
2	0.03004125541
3	0.02984756
4	0.0296508286
5	0.02945435358
6	0.02925951637
7	0.02906743591
8	0.02888375254
9	0.02869257259
10	0.02850242684
11	0.02831151871
12	0.02812583004
13	0.02795558311
14	0.02778322115
15	0.02760265769
16	0.02743425361
17	0.02725641459
18	0.02708236614
19	0.02691238628
20	0.02674559003
21	0.02657941182
22	0.02641660351
23	0.02625689074
24	0.02609552034
25	0.02593047796
26	0.02576955243
27	0.02561166474
28	0.02545785335
29	0.02530150489
30	0.02514379906
31	0.02498618719
32	0.02484119615
33	0.02469409324
34	0.02455305045
35	0.02441489075
36	0.02427425791
37	0.02413129489
38	0.02399348185
39	0.02386137786
40	0.0237294222
41	0.02358705654
42	0.02344503472
43	0.02330885393
44	0.02318136643
45	0.0230498599
46	0.022915885
47	0.02279472506
48	0.02266858027
49	0.02253767342
50	0.02240804088
51	0.02228238556
52	0.02215686992
53	0.02204249776
54	0.02192033944
55	0.02179966679
56	0.02168092188
57	0.02157219012
58	0.02145601426
59	0.02133836043
60	0.02122297208
61	0.02110943097
62	0.0209990812
63	0.02089174698
64	0.02078399153
65	0.020677125
66	0.02056410741
67	0.02045751583
68	0.02034797176
69	0.02024163455
70	0.02013746086
71	0.02003713727
72	0.01993230662
73	0.019835772
74	0.01973712192
75	0.019642077
76	0.01954775326
77	0.01945009988
78	0.01935914368
79	0.01926470934
80	0.01917468214
81	0.01908194951
82	0.01899304687
83	0.01889866496
84	0.01880708734
85	0.01872186171
86	0.01863183322
87	0.01854710799
88	0.01846009305
89	0.01837650897
90	0.01829377239
91	0.01820888399
92	0.01812526453
93	0.01804169245
94	0.01795942744
95	0.01788207379
96	0.01780538134
97	0.01772771101
98	0.01764905718
99	0.01757366126
100	0.01749516605
101	0.01741647206
102	0.01734323131
103	0.01727280223
104	0.01719599752
105	0.01712575601
106	0.01705631974
107	0.01698492498
108	0.0169120232
109	0.01684289935
110	0.01677111995
111	0.01670302909
112	0.01663391615
113	0.01657148918
114	0.01650294011
115	0.01643722338
116	0.01636828567
117	0.0163016882
118	0.01623683998
119	0.01617345119
120	0.01611426016
121	0.01605046417
122	0.01598542285
123	0.01592410592
124	0.01586322557
125	0.01580205339
126	0.01574188365
127	0.01568033354
128	0.01562122172
129	0.01556114201
130	0.01550645207
131	0.01544845126
132	0.01539486159
133	0.01533682707
134	0.01528041116
135	0.01522776839
136	0.01517358221
137	0.01512104397
138	0.01507052209
139	0.01501705738
140	0.01496781467
141	0.01491739678
142	0.01486706356
143	0.01481895441
144	0.01476996467
145	0.01472197424
146	0.01467421024
147	0.01462733137
148	0.01457860315
149	0.01453400963
150	0.01448670553
151	0.01444237899
152	0.01439561264
153	0.01435253263
154	0.01430477312
155	0.01426342081
156	0.01422000268
157	0.01417682142
158	0.01413545334
159	0.01409305545
160	0.01404868365
161	0.01400604137
162	0.01396738442
163	0.01392566281
164	0.01388559209
165	0.0138472484
166	0.01380803823
167	0.01376948973
168	0.01373052716
169	0.01369259376
170	0.01365427984
171	0.0136166954
172	0.01357804566
173	0.01353985449
174	0.0135015212
175	0.01346445087
176	0.01342931214
177	0.01339421282
178	0.01336009248
179	0.01332532278
180	0.01329078399
181	0.01325632008
182	0.013220992
183	0.01318574398
184	0.01315067345
185	0.01311605482
186	0.0130827097
187	0.01304923882
188	0.01301945117
189	0.01298684522
190	0.01295285385
191	0.01292404654
192	0.01289422975
193	0.01286547168
194	0.01283697956
195	0.01280623113
196	0.01277667489
197	0.01274724434
198	0.01271982357
199	0.01269211266
200	0.01266198935
201	0.01263326482
202	0.012603782
203	0.01257545467
204	0.01254758203
205	0.01252171545
206	0.01249387586
207	0.01246966405
208	0.01244129946
209	0.01241447801
210	0.01238905295
211	0.01236539888
212	0.0123390842
213	0.01231014567
214	0.0122839679
215	0.01225766243
216	0.01223295432
217	0.01220757701
218	0.01218095323
219	0.01215532097
220	0.0121311998
221	0.01210627047
222	0.01208261225
223	0.01205974252
224	0.01203946865
225	0.01201827141
226	0.01199590378
227	0.01197636835
228	0.01195233577
229	0.01192802175
230	0.01190637205
231	0.01188645285
232	0.01186262996
233	0.01184073557
234	0.01181902391
235	0.01179845782
236	0.01177518678
237	0.01175474987
238	0.01173485381
239	0.01171420167
240	0.01169417307
241	0.0116724018
242	0.01165483293
243	0.01163506986
244	0.01161421484
245	0.01159505862
246	0.01157651774
247	0.011557339
248	0.01153942548
249	0.01152063338
250	0.01150182442
251	0.01148281843
252	0.01146421293
253	0.0114456887
254	0.0114265217
255	0.01140835937
256	0.01139021249
257	0.01137236572
258	0.01135362611
259	0.0113375806
260	0.01131995885
261	0.01130285765
262	0.01128653574
263	0.01126851936
264	0.01124738803
265	0.01122662512
266	0.01120752343
267	0.01118654179
268	0.01116623116
269	0.01114528309
270	0.01112673872
271	0.01110759976
272	0.01108589772
273	0.01106824698
274	0.01104852196
275	0.01102928232
276	0.01101064367
277	0.01099028023
278	0.0109724769
279	0.01095353653
280	0.0109351872
281	0.01091639561
282	0.01089619253
283	0.01087806542
284	0.01086166387
285	0.01084506215
286	0.01082991784
287	0.01081586612
288	0.01079941926
289	0.01078391435
290	0.01076927205
291	0.01075376085
292	0.01073826891
293	0.01072240836
294	0.01070592887
295	0.01069088059
296	0.01067593668
297	0.01066298012
298	0.01064747451
299	0.01063412896
300	0.01061692106
301	0.01059990368
302	0.0105851081
303	0.01056933688
304	0.01055544122
305	0.0105403734
306	0.01052728339
307	0.01051526688
308	0.01050203691
309	0.01049067111
310	0.01048013114
311	0.01046782673
312	0.01045569732
313	0.01044477173
314	0.01043213144
315	0.01041854308
316	0.01040447567
317	0.0103936097
318	0.01038141182
319	0.01037076216
320	0.01035789126
321	0.01034524436
322	0.01033509396
323	0.01032489694
324	0.01030959527
325	0.01029758494
326	0.01028727567
327	0.01027633775
328	0.01026443904
329	0.0102527668
330	0.01024082196
331	0.01022847307
332	0.01021698886
333	0.01020560009
334	0.01019546526
335	0.01018333669
336	0.01017309313
337	0.01016307274
338	0.0101541015
339	0.01014565965
340	0.01014132816
341	0.01013113149
342	0.01012218493
343	0.0101136501
344	0.01010218601
345	0.01009094484
346	0.01007740278
347	0.01006409418
348	0.01005445171
349	0.01004637025
350	0.01003662816
351	0.01002646297
352	0.01001695881
353	0.01000417565
354	0.01000009601
355	0.009988538239
356	0.009980093614
357	0.009970995257
358	0.009960242722
359	0.009950148578
360	0.009940349913
361	0.009932126837
362	0.009924253655
363	0.009916863688
364	0.009908663608
365	0.009897489796
366	0.00988944547
367	0.009879946494
368	0.00987203557
369	0.009863968398
370	0.009856051249
371	0.009848671953
372	0.009840444045
373	0.009831501042
374	0.009820415151
375	0.009813150508
376	0.009805023619
377	0.009802199036
378	0.00979446681
379	0.009787050685
380	0.009782113477
381	0.009773938549
382	0.009765229997
383	0.009756454233
384	0.009748954443
385	0.009740852474
386	0.009733633277
387	0.009731530648
388	0.009725304727
389	0.009717459357
390	0.009707960402
391	0.00970636577
392	0.009699723263
393	0.00969179904
394	0.00968130413
395	0.00967211675
396	0.009663550747
397	0.009655761094
398	0.009648614738
399	0.009640476881
400	0.009635410225
401	0.009628650962
402	0.009619261751
403	0.009612374442
404	0.009605903186
405	0.009599636107
406	0.009593276931
407	0.009585528327
408	0.009578439881
409	0.009571672608
410	0.009566751067
411	0.009562564666
412	0.009556132074
413	0.009550458921
414	0.009544055892
415	0.009536767678
416	0.009535022244
417	0.009526985852
418	0.009519958656
419	0.009512775555
420	0.009507227271
421	0.009498980252
422	0.009493377193
423	0.009486357642
424	0.009479165863
425	0.009471563046
426	0.009466550645
427	0.009460821366
428	0.009453822952
429	0.009451014273
430	0.009449347039
431	0.009441971283
432	0.009435706678
433	0.009429938672
434	0.009424956725
435	0.009419190417
436	0.009415245633
437	0.009407739499
438	0.009404131839
439	0.009398190061
440	0.009389873773
441	0.00938426586
442	0.009379513914
443	0.009373602499
444	0.009368004854
445	0.009360879431
446	0.009356233489
447	0.00935060169
448	0.009343380682
449	0.009337928816
450	0.009335592922
451	0.009330317928
452	0.009323684963
453	0.009318761076
454	0.00931083855
455	0.009305737179
456	0.009303201802
457	0.009296936869
458	0.00929220581
459	0.009287143189
460	0.009281252349
461	0.009275589162
462	0.009270298001
463	0.009264174892
464	0.009259367293
465	0.009253362966
466	0.009248302413
467	0.009244528852
468	0.009238980008
469	0.009237335317
470	0.009235022531
471	0.009229198666
472	0.009224652185
473	0.009218725497
474	0.009214723423
475	0.009207744213
476	0.00920533313
477	0.009198856006
478	0.00919739429
479	0.009190591047
480	0.009183197652
481	0.009181244781
482	0.009179508056
483	0.009172512216
484	0.00916625121
485	0.009161244686
486	0.009156800164
487	0.009154719044
488	0.009147978477
489	0.009145749884
490	0.009140260959
491	0.00913414478
492	0.009128212998
493	0.009122969832
494	0.009118994936
495	0.009118150401
496	0.00911282945
497	0.009111478818
498	0.009109930081
499	0.009104012399
500	0.009101750824
501	0.009097681849
502	0.009091832942
503	0.009086906243
504	0.009084826638
505	0.009080182077
506	0.009075313902
507	0.009073505018
508	0.009071110188
509	0.009065940606
510	0.009062023608
511	0.009057008194
512	0.00905596345
513	0.00905372456
514	0.009047051827
515	0.009044085493
516	0.009040938299
517	0.009037662058
518	0.009036601629
519	0.009031974074
520	0.009026742628
521	0.009022127298
522	0.009016245925
523	0.009012508575
524	0.009006927238
525	0.009003214076
526	0.008998547255
527	0.008994946537
528	0.00899051524
529	0.008989232926
530	0.008986944075
531	0.008983410404
532	0.00898072795
533	0.008979870773
534	0.008976891199
535	0.008974697512
536	0.008973406089
537	0.008969968463
538	0.008968636733
539	0.008965626202
540	0.008960998312
541	0.008955699446
542	0.00894985447
543	0.008945299752
544	0.008939515881
545	0.008934729739
546	0.008931285859
547	0.008927594278
548	0.008924756262
549	0.008922767374
550	0.008914709669
551	0.008913259156
552	0.00890795301
553	0.008905085822
554	0.008900128208
555	0.008896744488
556	0.0088946761
557	0.00889306329
558	0.008887492778
559	0.008883545305
560	0.008879302102
561	0.008873595034
562	0.008867448727
563	0.008862861163
564	0.008861683491
565	0.008857659689
566	0.008852806023
567	0.008849235705
568	0.008844918695
569	0.008839965537
570	0.008834188959
571	0.008828579952
572	0.008823941218
573	0.008817934671
574	0.008816103741
575	0.008814686506
576	0.008810943101
577	0.008805214486
578	0.008800725093
579	0.008795380378
580	0.008793715882
581	0.00878950074
582	0.00878464497
583	0.008782309816
584	0.008779286692
585	0.008774716051
586	0.008772918515
587	0.008769474853
588	0.008767859538
589	0.008763516499
590	0.008759728154
591	0.008753405573
592	0.00874942195
593	0.008748956708
594	0.008745281401
595	0.008740578946
596	0.008736798077
597	0.008732883435
598	0.008730066514
599	0.008725742243
600	0.008721544884
601	0.008717857096
602	0.008714426733
603	0.008713085271
604	0.00870760316
605	0.008704432745
606	0.008700430402
607	0.008697468349
608	0.008692090921
609	0.008687156291
610	0.008684682775
611	0.008681302681
612	0.008679418412
613	0.008674280279
614	0.0086710493
615	0.008669430463
616	0.008668507591
617	0.008664278505
618	0.008659011378
619	0.00865852617
620	0.008653639641
621	0.008650941696
622	0.008646278756
623	0.008642632943
624	0.008642042585
625	0.008638642846
626	0.008637354503
627	0.008633840703
628	0.008629379396
629	0.008626178085
630	0.008620649509
631	0.008618107179
632	0.008613829066
633	0.008612455877
634	0.008608296952
635	0.008604891536
636	0.008603029183
637	0.008598506792
638	0.008596173638
639	0.008592833405
640	0.008590137689
641	0.008588075706
642	0.008586749589
643	0.008583271623
644	0.008581509691
645	0.008576454226
646	0.008574554985
647	0.008572382133
648	0.008570797016
649	0.008567342377
650	0.008563215882
651	0.008559088312
652	0.008557661042
653	0.008550875424
654	0.008547148858
655	0.008543982175
656	0.008539312535
657	0.008537773748
658	0.008536734568
659	0.008530751739
660	0.008530523402
661	0.008529758561
662	0.008526521208
663	0.008522862188
664	0.008522363069
665	0.008519835688
666	0.008519609597
667	0.008518337355
668	0.00851281918
669	0.008509578179
670	0.008506196775
671	0.008504427854
672	0.008502880187
673	0.008501216324
674	0.008495925016
675	0.008492677439
676	0.0084901745
677	0.008490086119
678	0.008488434126
679	0.00848582687
680	0.008482719962
681	0.008482581072
682	0.008481365785
683	0.008476400715
684	0.008474458654
685	0.008471830167
686	0.008471745182
687	0.008467022438
688	0.008463709052
689	0.008462544061
690	0.008460910929
691	0.008457861256
692	0.008453061568
693	0.008452942052
694	0.00844797312
695	0.008444468453
696	0.008444252261
697	0.008443611236
698	0.008440424993
699	0.008437754715
700	0.008436891878
701	0.008434916668
702	0.008429920901
703	0.008427600882
704	0.008424147839
705	0.008423265417
706	0.008422453831
707	0.008419761926
708	0.008417108671
709	0.008415391726
710	0.008414703488
711	0.008411462933
712	0.008408407664
713	0.008407693345
714	0.008404760313
715	0.008403295313
716	0.008402141674
717	0.008401926684
718	0.008400869846
719	0.008398153231
720	0.00839794403
721	0.008396669782
722	0.008391091299
723	0.008388695681
724	0.008386892465
725	0.008386785057
726	0.008383748346
727	0.008380097753
728	0.008375502236
729	0.008374531826
730	0.008370945044
731	0.008370733673
732	0.008366034147
733	0.008364355231
734	0.008362276499
735	0.008360226676
736	0.008359793978
737	0.008356647675
738	0.0083557771
739	0.008354083791
740	0.008353492494
741	0.008348300424
742	0.008347983422
743	0.008344083538
744	0.008342094774
745	0.008337992399
746	0.008334698621
747	0.008333085653
748	0.008332640248
749	0.008330641667
750	0.008326627558
751	0.008322531946
752	0.008320994739
753	0.008320791932
754	0.008319457345
755	0.008315940029
756	0.008315629686
757	0.008315472402
758	0.008312606003
759	0.008308642049
760	0.008305503631
761	0.008304173356
762	0.008301220066
763	0.008295606908
764	0.0082921439
765	0.00829102198
766	0.00829094885
767	0.008287411552
768	0.008283469433
769	0.008281542628
770	0.00828011619
771	0.008279530122
772	0.008279393126
773	0.00827883983
774	0.008278051239
775	0.008277148528
776	0.008276841909
777	0.008275293791
778	0.008274375588
779	0.008272881914
780	0.008269524053
781	0.008267057236
782	0.00826535353
783	0.008264974287
784	0.008264837799
785	0.008261131122
786	0.008260363342
787	0.008258188128
788	0.008256166908
789	0.008252994018
790	0.008252190014
791	0.008251917058
792	0.008251421572
793	0.008250159735
794	0.008246398125
795	0.008241640856
796	0.008241258071
797	0.008238393149
798	0.008235101548
799	0.00823280176
800	0.008229997382
801	0.008228947038
802	0.008226905836
803	0.008226623581
804	0.008224362046
805	0.008223604391
806	0.008222899067
807	0.008220766002
808	0.00822042103
809	0.008217359762
810	0.008216662258
811	0.008215064752
812	0.00821057273
813	0.008207531613
814	0.008206853861
815	0.008206608464
816	0.008205387693
817	0.008204540428
818	0.008203331462
819	0.008200268312
820	0.008199581966
821	0.008199241775
822	0.00819503525
823	0.008193839214
824	0.008193174522
825	0.008192709173
826	0.008189142142
827	0.008185293493
828	0.008183552082
829	0.008182202017
830	0.008179521464
831	0.008177103666
832	0.008176151912
833	0.008173234675
834	0.00817296596
835	0.008172127546
836	0.008171476885
837	0.008169770265
838	0.008169425906
839	0.008166566086
840	0.00816593532
841	0.008165420419
842	0.008165190198
843	0.008164565619
844	0.00816199244
845	0.008160402525
846	0.008157713717
847	0.008154357752
848	0.008149877797
849	0.008149543302
850	0.008147273578
851	0.008145860999
852	0.008141575753
853	0.008137896574
854	0.008137270238
855	0.008133782762
856	0.008133521603
857	0.008129573095
858	0.008126393315
859	0.008126256616
860	0.008126005043
861	0.008122608735
862	0.008121638502
863	0.008118980277
864	0.008116664184
865	0.008113807925
866	0.008111270492
867	0.008108656475
868	0.008107138846
869	0.00810335224
870	0.008099851931
871	0.008098337057
872	0.008095796567
873	0.008094110751
874	0.008089861555
875	0.008089036883
876	0.00808815463
877	0.008086648082
878	0.008082960661
879	0.008082717586
880	0.008079377651
881	0.008079135389
882	0.00807658647
883	0.008074135766
884	0.00807157753
885	0.008070012456
886	0.00806767741
887	0.008066620268
888	0.008065849197
889	0.008064658811
890	0.008061372009
891	0.008061235028
892	0.008059406539
893	0.008059166284
894	0.008059038308
895	0.008058185654
896	0.008056025955
897	0.008054811105
898	0.008050509184
899	0.008050161025
900	0.008050039488
901	0.008049839116
902	0.008047597968
903	0.008043637267
904	0.008039843507
905	0.008037105128
906	0.008036889266
907	0.008035824312
908	0.00803279274
909	0.008030421902
910	0.008030173641
911	0.008029948732
912	0.008029606799
913	0.00802662142
914	0.008025787576
915	0.008022945282
916	0.008022100507
917	0.00802068297
918	0.008018805796
919	0.008016277496
920	0.008013124615
921	0.00801035872
922	0.008008384657
923	0.008004439059
924	0.00800340024
925	0.008002282026
926	0.008000894829
927	0.008000769546
928	0.0079993902
929	0.007999187353
930	0.00799821102
931	0.007997924839
932	0.007994709476
933	0.007994533509
934	0.007994381205
935	0.00799357626
936	0.007993382026
937	0.007992267219
938	0.007991169637
939	0.007990384007
940	0.007989537124
941	0.007988800373
942	0.007987838034
943	0.007987564506
944	0.007985554301
945	0.007983283232
946	0.007983077226
947	0.007979652844
948	0.007979471318
949	0.007979367202
950	0.007978290426
951	0.007975406958
952	0.007972350266
953	0.007971522664
954	0.007969642943
955	0.007969400418
956	0.007969057543
957	0.007968793761
958	0.007967840609
959	0.007964842516
960	0.007964039542
961	0.007963937008
962	0.007960209267
963	0.007959449425
964	0.007959188405
965	0.007957113673
966	0.007956933304
967	0.007956771844
968	0.007956496524
969	0.007956330306
970	0.007955524508
971	0.007955327372
972	0.007951941727
973	0.00795170078
974	0.007950419105
975	0.00794743163
976	0.007946733323
977	0.007946478089
978	0.007943361059
979	0.007940212453
980	0.007940037948
981	0.007936646932
982	0.007935385669
983	0.007934894958
984	0.00793304272
985	0.00792982064
986	0.007929180233
987	0.007926644514
988	0.007926580748
989	0.007924526258
990	0.007920663619
991	0.007917607926
992	0.007915511435
993	0.007913585224
994	0.00791249916
995	0.007911503595
996	0.007911407465
997	0.007908789108
998	0.007908299516
999	0.007907757871
1000	0.007906143041
1001	0.007905557516
1002	0.007905328189
1003	0.007904112553
1004	0.00790392523
1005	0.007903760502
1006	0.007900525724
1007	0.007900353786
1008	0.007900182301
1009	0.007899691714
1010	0.00789689307
1011	0.007892981429
1012	0.007892286795
1013	0.00789209248
1014	0.007890131102
1015	0.007889940324
1016	0.007889746946
1017	0.007887798269
1018	0.00788761434
1019	0.007885430442
1020	0.007884955384
1021	0.007884795911
1022	0.007884546026
1023	0.007882847378
1024	0.007882659881
1025	0.007882617195
1026	0.007882430907
1027	0.007882284666
1028	0.007880277335
1029	0.00787601638
1030	0.007875860163
1031	0.0078756919
1032	0.007875600096
1033	0.007873076922
1034	0.007872560514
1035	0.007869252455
1036	0.007868873074
1037	0.007868736208
1038	0.007868599698
1039	0.007868376886
1040	0.007866351793
1041	0.007863892372
1042	0.007862718396
1043	0.007861985622
1044	0.007861403157
1045	0.007858522189
1046	0.007857754149
1047	0.007856596128
1048	0.007855876664
1049	0.007855211975
1050	0.007854650209
1051	0.007854512153
1052	0.007852290256
1053	0.007852162248
1054	0.007851661377
1055	0.007849896007
1056	0.007849763925
1057	0.007849602055
1058	0.007848888904
1059	0.007848166771
1060	0.007848007008
1061	0.007847588705
1062	0.007847372752
1063	0.007846667335
1064	0.007846060694
1065	0.007842660477
1066	0.007842488388
1067	0.007841841416
1068	0.007840098629
1069	0.007839158465
1070	0.007838425304
1071	0.007837312711
1072	0.007835440272
1073	0.007835262524
1074	0.007831944184
1075	0.007828724912
1076	0.007828556592
1077	0.007826385163
1078	0.007826045174
1079	0.007824332154
1080	0.007821352814
1081	0.007819211892
1082	0.007816952587
1083	0.007816547773
1084	0.007816404978
1085	0.007813729707
1086	0.007813045563
1087	0.007812457001
1088	0.007812186842
1089	0.007810093651
1090	0.007808215071
1091	0.007807867162
1092	0.007807790037
1093	0.007807166756
1094	0.007805298513
1095	0.007803563704
1096	0.007803498201
1097	0.007801454135
1098	0.007799831882
1099	0.007797576308
1100	0.007797405186
1101	0.007797010414
1102	0.007796435942
1103	0.007794617243
1104	0.007794470397
1105	0.007793959427
1106	0.007790777753
1107	0.007789559602
1108	0.007788501232
1109	0.00778835689
1110	0.007785414471
1111	0.007784265567
1112	0.007784131284
1113	0.007782609643
1114	0.007781956719
1115	0.007780200066
1116	0.007779948508
1117	0.00777883166
1118	0.007777795207
1119	0.007777204866
1120	0.007777054746
1121	0.007776901039
1122	0.007776314081
1123	0.007775289387
1124	0.007775082198
1125	0.007772971292
1126	0.007772890132
1127	0.007772120976
1128	0.007772010301
1129	0.007770995762
1130	0.00777061271
1131	0.007770452387
1132	0.007768616856
1133	0.007768043473
1134	0.007767756334
1135	0.007766120712
1136	0.00776575318
1137	0.007763093495
1138	0.007761327153
1139	0.00776124319
1140	0.007758427816
1141	0.007756830345
1142	0.007756635239
1143	0.00775579361
1144	0.007753416002
1145	0.007753227584
1146	0.007753109949
1147	0.007752916542
1148	0.007750739641
1149	0.007748927789
1150	0.007746855945
1151	0.007745146513
1152	0.007744195911
1153	0.00774407908
1154	0.007742892334
1155	0.007739663599
1156	0.007739417001
1157	0.007738378501
1158	0.007736987797
1159	0.007736937943
1160	0.00773674154
1161	0.007734684438
1162	0.007734439887
1163	0.007734195884
1164	0.007732586587
1165	0.007732397214
1166	0.007731275266
1167	0.007728823304
1168	0.007725181748
1169	0.007724938678
1170	0.007724129361
1171	0.00772194468
1172	0.007720520854
1173	0.007718067167
1174	0.0077178794
1175	0.007717333596
1176	0.007714928268
1177	0.007714385425
1178	0.007714271865
1179	0.007714158597
1180	0.007714045618
1181	0.007710882122
1182	0.007710641676
1183	0.007710401768
1184	0.007709626853
1185	0.007706481661
1186	0.007704419805
1187	0.007703249394
1188	0.007701262025
1189	0.007699116706
1190	0.007697317411
1191	0.0076971333
1192	0.007695231221
1193	0.007692505917
1194	0.007692268997
1195	0.007692086021
1196	0.007691948214
1197	0.007691810758
1198	0.007689337271
1199	0.007686386436
1200	0.007684537951
1201	0.00768430351
1202	0.007683584289
1203	0.007683037386
1204	0.007682514345
1205	0.007681993674
1206	0.007680993294
1207	0.007680752241
1208	0.007679511283
1209	0.007677531018
1210	0.007675517027
1211	0.007675330512
1212	0.007672605179
1213	0.007670501765
1214	0.00766929399
1215	0.007668780409
1216	0.00766477491
1217	0.007663333681
1218	0.007663225975
1219	0.007663015941
1220	0.007661043281
1221	0.007660881225
1222	0.007658926862
1223	0.007656468548
1224	0.007656055253
1225	0.007655693764
1226	0.007652674552
1227	0.007651769242
1228	0.007649461704
1229	0.007649359336
1230	0.007646416397
1231	0.007646233161
1232	0.007646003031
1233	0.007644506768
1234	0.007641522792
1235	0.007640781049
1236	0.007640557702
1237	0.007639742621
1238	0.007638557025
1239	0.007638003303
1240	0.007637510365
1241	0.007635927214
1242	0.007635699575
1243	0.007635526855
1244	0.007635028489
1245	0.007634848089
1246	0.007632744207
1247	0.007630835936
1248	0.007630704357
1249	0.00763043231
1250	0.007630275109
1251	0.007630096263
1252	0.007629604593
1253	0.007627563017
1254	0.007625353536
1255	0.007625036246
1256	0.00762493167
1257	0.007622723454
1258	0.007621062969
1259	0.007620930738
1260	0.007620527448
1261	0.007619543121
1262	0.007619322028
1263	0.007618838461
1264	0.007616933562
1265	0.007616408863
1266	0.007616233393
1267	0.007615199522
1268	0.007612635183
1269	0.007611631491
1270	0.007611154266
1271	0.007610676833
1272	0.007610201507
1273	0.007608960793
1274	0.007606778639
1275	0.007606628571
1276	0.007605768643
1277	0.007605595625
1278	0.007604136972
1279	0.007603745331
1280	0.007603108479
1281	0.007599734886
1282	0.007597852038
1283	0.007597409479
1284	0.007596692937
1285	0.00759450695
1286	0.007594043248
1287	0.007593209268
1288	0.007591350525
1289	0.00759124743
1290	0.007587356989
1291	0.00758611209
1292	0.007582481788
1293	0.007580243737
1294	0.007578935078
1295	0.007577176337
1296	0.007576740238
1297	0.007575350105
1298	0.007573549302
1299	0.007572977414
1300	0.007571143047
1301	0.007571008503
1302	0.007570568725
1303	0.007570404176
1304	0.007570254668
1305	0.007568686433
1306	0.007568552733
1307	0.007565152176
1308	0.007562070044
1309	0.007561860397
1310	0.007561479034
1311	0.007561243564
1312	0.007559114127
1313	0.007558217433
1314	0.007558096055
1315	0.00755661369
1316	0.007554465306
1317	0.007553074296
1318	0.007552865206
1319	0.007552447472
1320	0.007549627159
1321	0.00754945542
1322	0.007549007727
1323	0.007546856231
1324	0.007546682538
1325	0.007545155216
1326	0.00754276372
1327	0.007540959255
1328	0.007540705198
1329	0.007538821254
1330	0.007536435883
1331	0.00753627059
1332	0.007536105684
1333	0.00753599945
1334	0.00753484966
1335	0.007534731299
1336	0.007534528597
1337	0.007533432835
1338	0.007531070988
1339	0.007529792631
1340	0.007529424433
1341	0.007529323379
1342	0.007529010135
1343	0.007528571539
1344	0.007527468525
1345	0.007526714401
1346	0.007526413314
1347	0.007526245537
1348	0.007525812166
1349	0.007524691234
1350	0.00752378903
1351	0.00752342692
1352	0.007523005398
1353	0.007522811425
1354	0.007521011453
1355	0.00751914662
1356	0.007518988415
1357	0.007516634907
1358	0.007513634245
1359	0.007513533916
1360	0.007512898796
1361	0.00751155019
1362	0.007508843089
1363	0.007508418634
1364	0.007508315066
1365	0.007508183204
1366	0.00750808343
1367	0.007506626206
1368	0.007506473832
1369	0.007506317065
1370	0.00750573584
1371	0.007505431462
1372	0.007502886177
1373	0.007502684155
1374	0.007502422227
1375	0.007501147341
1376	0.007499812822
1377	0.007499677164
1378	0.007499258205
1379	0.007499114705
1380	0.007498956642
1381	0.007498760618
1382	0.007498578659
1383	0.007498288924
1384	0.007496456816
1385	0.007496291096
1386	0.00749433174
1387	0.007494258739
1388	0.007494104357
1389	0.007493992325
1390	0.007493649531
1391	0.007493481734
1392	0.007493348268
1393	0.007492949633
1394	0.007492796306
1395	0.007492542758
1396	0.007492465394
1397	0.007491375659
1398	0.007491220438
1399	0.007488944197
1400	0.007488833255
1401	0.007488678559
1402	0.00748860906
1403	0.007486967515
1404	0.007486815608
1405	0.007486664042
1406	0.007484357598
1407	0.007484257931
1408	0.007484186462
1409	0.007482187676
1410	0.007480681078
1411	0.007480528344
1412	0.007480333413
1413	0.007480261901
1414	0.007479792172
1415	0.00747966733
1416	0.007477147445
1417	0.007476951557
1418	0.007475456751
1419	0.007475347724
1420	0.00747523916
1421	0.007475095975
1422	0.007475001748
1423	0.007474573431
1424	0.007472299436
1425	0.007472193679
1426	0.007470730421
1427	0.007470613186
1428	0.00747050874
1429	0.007470225372
1430	0.007470118759
1431	0.007468440992
1432	0.007468237716
1433	0.007465798238
1434	0.007464543216
1435	0.007464401484
1436	0.007464260654
1437	0.007461517897
1438	0.007459540068
1439	0.007459332563
1440	0.007458315441
1441	0.007458098002
1442	0.007456634894
1443	0.007456490061
1444	0.007456264071
1445	0.007454874268
1446	0.007454769748
1447	0.007454512612
1448	0.007453188396
1449	0.007453075166
1450	0.007452627261
1451	0.007452523765
1452	0.007452307988
1453	0.007452123996
1454	0.007451681179
1455	0.007449647722
1456	0.007449387969
1457	0.007446710764
1458	0.007446565919
1459	0.007446418135
1460	0.007446349142
1461	0.00744542557
1462	0.007445016446
1463	0.007443384492
1464	0.007442983382
1465	0.007442801726
1466	0.007442383274
1467	0.007442270132
1468	0.007442135717
1469	0.007440896246
1470	0.007440713059
1471	0.00744003281
1472	0.007437196158
1473	0.007436931263
1474	0.007435441493
1475	0.007435330246
1476	0.007435154404
1477	0.007434940983
1478	0.007434831377
1479	0.007433634549
1480	0.00743318188
1481	0.007433008271
1482	0.007430902084
1483	0.007429905731
1484	0.00742863012
1485	0.00742850063
1486	0.007428409092
1487	0.007428305613
1488	0.007427309704
1489	0.007427242188
1490	0.00742522503
1491	0.007425129122
1492	0.007424922471
1493	0.007423555238
1494	0.007422706058
1495	0.007422663532
1496	0.007421590925
1497	0.007421483449
1498	0.007419299869
1499	0.007419197085
1500	0.007417114568
1501	0.007415277578
1502	0.007413925316
1503	0.007413755479
1504	0.007413609703
1505	0.007413542939
1506	0.007413347666
1507	0.007411922731
1508	0.007410375676
1509	0.007410246217
1510	0.007409776994
1511	0.007409590252
1512	0.007409461768
1513	0.007406578624
1514	0.007406452129
1515	0.007405126564
1516	0.007404844713
1517	0.007403199212
1518	0.007402264034
1519	0.007402163689
1520	0.007402097755
1521	0.007400868771
1522	0.007400673636
1523	0.007398928304
1524	0.007398785299
1525	0.007397460703
1526	0.007395190766
1527	0.007395010589
1528	0.007394724324
1529	0.007394167457
1530	0.007393974852
1531	0.007393905973
1532	0.007393053608
1533	0.007392889041
1534	0.007392684123
1535	0.007392493314
1536	0.007390917405
1537	0.007390825581
1538	0.007390701799
1539	0.007390518518
1540	0.007390342068
1541	0.007389395448
1542	0.007389307808
1543	0.007389120424
1544	0.007388108076
1545	0.007386099696
1546	0.007385893574
1547	0.007385718864
1548	0.007385653472
1549	0.007385428193
1550	0.007385322256
1551	0.007383387405
1552	0.007383202344
1553	0.007381449208
1554	0.007381265389
1555	0.007381200822
1556	0.007380001083
1557	0.007379050543
1558	0.007375895708
1559	0.007375831575
1560	0.007375695254
1561	0.007374284172
1562	0.007372732707
1563	0.007370830592
1564	0.007369647133
1565	0.007369501363
1566	0.007369099988
1567	0.007368923065
1568	0.007368777269
1569	0.007368614592
1570	0.007368387124
1571	0.007367027704
1572	0.007366881985
1573	0.007365631028
1574	0.007365248349
1575	0.007364119764
1576	0.007363976666
1577	0.007363913369
1578	0.007363498382
1579	0.007361644696
1580	0.007361526733
1581	0.007361433503
1582	0.007361322551
1583	0.007360555529
1584	0.007360406345
1585	0.007360255963
1586	0.007360145238
1587	0.007359948106
1588	0.007359885506
1589	0.007358496824
1590	0.007356581139
1591	0.007356403271
1592	0.007356268614
1593	0.007355489529
1594	0.007355323451
1595	0.007353952712
1596	0.007352218837
1597	0.007352073861
1598	0.007351613954
1599	0.007351459981
1600	0.007350154839
1601	0.00734784695
1602	0.007346003841
1603	0.007345850578
1604	0.007345775565
1605	0.007345713696
1606	0.007345552742
1607	0.00734523676
1608	0.00734507203
1609	0.007343997678
1610	0.007343226885
1611	0.007341414203
1612	0.007341250595
1613	0.007340849552
1614	0.007340668009
1615	0.007340286284
1616	0.007338103059
1617	0.007337940848
1618	0.007337496897
1619	0.007336489955
1620	0.007335766834
1621	0.007335644728
1622	0.007334928574
1623	0.007334480279
1624	0.007334123036
1625	0.007333938801
1626	0.007333766548
1627	0.007332797006
1628	0.007332718725
1629	0.007332335554
1630	0.007332115256
1631	0.007329968034
1632	0.007329877044
1633	0.007329763163
1634	0.007327252812
1635	0.007326951534
1636	0.007326806465
1637	0.007326538377
1638	0.007326414466
1639	0.007326233389
1640	0.007325064861
1641	0.007323789195
1642	0.007323689447
1643	0.007322967855
1644	0.00732282521
1645	0.007322726989
1646	0.007322544544
1647	0.007322237984
1648	0.007320150913
1649	0.007319826398
1650	0.007319433822
1651	0.007318974217
1652	0.007316995976
1653	0.007314918193
1654	0.007314699528
1655	0.007314602766
1656	0.007314495647
1657	0.007314354178
1658	0.007313236957
1659	0.007312836431
1660	0.007312625376
1661	0.007312565613
1662	0.007311131302
1663	0.007310685605
1664	0.007310607821
1665	0.00730909908
1666	0.007308988379
1667	0.007308798332
1668	0.007308687348
1669	0.007308591997
1670	0.007308310194
1671	0.007308229522
1672	0.007308098379
1673	0.0073079603
1674	0.007306150083
1675	0.007303685171
1676	0.00730357561
1677	0.007303195763
1678	0.007302866052
1679	0.007302542884
1680	0.007302167341
1681	0.007301818682
1682	0.007301314621
1683	0.00730043399
1684	0.007300149559
1685	0.007298047227
1686	0.007297892835
1687	0.007297634404
1688	0.007297024054
1689	0.00729433474
1690	0.007294290877
1691	0.007294066106
1692	0.007292688363
1693	0.007292580547
1694	0.007292209314
1695	0.007292149307
1696	0.007292013371
1697	0.007291954179
1698	0.007291676534
1699	0.007291549708
1700	0.007290998187
1701	0.007290817529
1702	0.00729074026
1703	0.007290682111
1704	0.007289302738
1705	0.007289202094
1706	0.007289050773
1707	0.007288857885
1708	0.0072870235
1709	0.007286890851
1710	0.007286628794
1711	0.007285686929
1712	0.007284617862
1713	0.007284521785
1714	0.007284062217
1715	0.007283939563
1716	0.007283857059
1717	0.007283679559
1718	0.007282209152
1719	0.00728207453
1720	0.007281821391
1721	0.007281644125
1722	0.007281525443
1723	0.007279755912
1724	0.0072796517
1725	0.007279286043
1726	0.007279229244
1727	0.00727917358
1728	0.007277272073
1729	0.00727711869
1730	0.00727637036
1731	0.007275635394
1732	0.007274583463
1733	0.007274208913
1734	0.007273779914
1735	0.007272843428
1736	0.007272601173
1737	0.007272204176
1738	0.007272148007
1739	0.007272049495
1740	0.007271668625
1741	0.00727099262
1742	0.007270887714
1743	0.007269591454
1744	0.007269460415
1745	0.007269179238
1746	0.007269078383
1747	0.007268706452
1748	0.00726858469
1749	0.00726748231
1750	0.007266234599
1751	0.007266110198
1752	0.007265674623
1753	0.007264354804
1754	0.00726419658
1755	0.00726360253
1756	0.007263457135
1757	0.00726249572
1758	0.007260770003
1759	0.007259689002
1760	0.007259560943
1761	0.007257490458
1762	0.007255193254
1763	0.00725397133
1764	0.007251843389
1765	0.007251446919
1766	0.007251166442
1767	0.007251065225
1768	0.007250685363
1769	0.00724995104
1770	0.007249588381
1771	0.007249487655
1772	0.007247054348
1773	0.007246928429
1774	0.007246856712
1775	0.007245845721
1776	0.007245473296
1777	0.007245462858
1778	0.007245311474
1779	0.007245212155
1780	0.00724451547
1781	0.007244391274
1782	0.007243478984
1783	0.007243334746
1784	0.007243069968
1785	0.007242977514
1786	0.007242925567
1787	0.007242535731
1788	0.007240373817
1789	0.007240221055
1790	0.007240119181
1791	0.007238313759
1792	0.007238169931
1793	0.007238072929
1794	0.007237008565
1795	0.007236694902
1796	0.007236600229
1797	0.007236374651
1798	0.007236115143
1799	0.007234093336
1800	0.007234000234
1801	0.007232904053
1802	0.007232441938
1803	0.007232315084
1804	0.00723119776
1805	0.007230927136
1806	0.007230855225
1807	0.007230808698
1808	0.007230716929
1809	0.007230310048
1810	0.007230187086
1811	0.007229862295
1812	0.007228851492
1813	0.007227401897
1814	0.0072273004
1815	0.007226938886
1816	0.007225610318
1817	0.007224899954
1818	0.007224689281
1819	0.007224478785
1820	0.007222793542
1821	0.007220586911
1822	0.007220428142
1823	0.007220348272
1824	0.007220283202
1825	0.007219017999
1826	0.00721883498
1827	0.007218771914
1828	0.007218632967
1829	0.007218499317
1830	0.007216483252
1831	0.007215423175
1832	0.007213874826
1833	0.007212490734
1834	0.007212141711
1835	0.007209224879
1836	0.007209109533
1837	0.007208965617
1838	0.007208888206
1839	0.007208545508
1840	0.007208430838
1841	0.007208293731
1842	0.007208219161
1843	0.007208180809
1844	0.007207982841
1845	0.007207944438
1846	0.007207381855
1847	0.007207362994
1848	0.007207106798
1849	0.007206388721
1850	0.007206253221
1851	0.007206039438
1852	0.007205965845
1853	0.007204899139
1854	0.007203693164
1855	0.007203353454
1856	0.007203266944
1857	0.007203173451
1858	0.007201182567
1859	0.0072010926
1860	0.007201000981
1861	0.007200867639
1862	0.007199558673
1863	0.007199303746
1864	0.007199108406
1865	0.00719875833
1866	0.007198630355
1867	0.007198520644
1868	0.007198383685
1869	0.007198298991
1870	0.007198127214
1871	0.007197740084
1872	0.007197688948
1873	0.007196800564
1874	0.007196597621
1875	0.007196477982
1876	0.007196276677
1877	0.007196028437
1878	0.007195259691
1879	0.007195212958
1880	0.007193074383
1881	0.007192671214
1882	0.007191795637
1883	0.007191089459
1884	0.007189668923
1885	0.007189618529
1886	0.007189547967
1887	0.007189416885
1888	0.007189282892
1889	0.007187444601
1890	0.007186410313
1891	0.007186226535
1892	0.007185371264
1893	0.007185264963
1894	0.007184135975
1895	0.007183776753
1896	0.00718364206
1897	0.007183536471
1898	0.007183368782
1899	0.007183257702
1900	0.007183196491
1901	0.007183115885
1902	0.007182987102
1903	0.007182880326
1904	0.007182537288
1905	0.007182190172
1906	0.00718116974
1907	0.007179041223
1908	0.007178912031
1909	0.007178768255
1910	0.007178618471
1911	0.007178273511
1912	0.007175909589
1913	0.007175834037
1914	0.007174130657
1915	0.007174040277
1916	0.007173700958
1917	0.007173487385
1918	0.007171204379
1919	0.007171081992
1920	0.007170978223
1921	0.007169532043
1922	0.00716946902
1923	0.007167667261
1924	0.007167482142
1925	0.007166735859
1926	0.007166118534
1927	0.007164137406
1928	0.007163907022
1929	0.007163839203
1930	0.007163736857
1931	0.007163641028
1932	0.007163608594
1933	0.00716167755
1934	0.007161325765
1935	0.007159416666
1936	0.007159388141
1937	0.007159077965
1938	0.007159043893
1939	0.007158370538
1940	0.007158311041
1941	0.007158184224
1942	0.007158132532
1943	0.007157007684
1944	0.007155622789
1945	0.007155580468
1946	0.007153809817
1947	0.007153782589
1948	0.007152510566
1949	0.00715029696
1950	0.007150219403
1951	0.007150115792
1952	0.007148153851
1953	0.007148091298
1954	0.007148040619
1955	0.007147007988
1956	0.007146949859
1957	0.007146760763
1958	0.007146603999
1959	0.007145952876
1960	0.00714393258
1961	0.007143867679
1962	0.007143826993
1963	0.00714375814
1964	0.007142742831
1965	0.007142674323
1966	0.007141590525
1967	0.007141243063
1968	0.007140986683
1969	0.007140933915
1970	0.007140210119
1971	0.007138372716
1972	0.007138352636
1973	0.007138101633
1974	0.00713614356
1975	0.007136022076
1976	0.007135916419
1977	0.007134946605
1978	0.007134698945
1979	0.007134623582
1980	0.007133843187
1981	0.007133599556
1982	0.007132898042
1983	0.007130841479
1984	0.007130717957
1985	0.007130217394
1986	0.007128317915
1987	0.00712823423
1988	0.007128196679
1989	0.007126685112
1990	0.007126620992
1991	0.007125413152
1992	0.007125218007
1993	0.00712502248
1994	0.007124929178
1995	0.007124862398
1996	0.007124833213
1997	0.00712477737
1998	0.007124704799
1999	0.007122824628
2000	0.00712249443
2001	0.00712212037
2002	0.00712202164
2003	0.007121386218
2004	0.00712133135
2005	0.007121238206
2006	0.007118772156
2007	0.007118535197
2008	0.007118437768
2009	0.007118112927
2010	0.007118047579
2011	0.007117967264
2012	0.007117078424
2013	0.007115226351
2014	0.007115050494
2015	0.007114882982
2016	0.007114710393
2017	0.00711468489
2018	0.007112698299
2019	0.007112649262
2020	0.00711208189
2021	0.007111883787
2022	0.00711176577
2023	0.007111564247
2024	0.007111515625
2025	0.007111143644
2026	0.007111046717
2027	0.007109196319
2028	0.007109104624
2029	0.007108943507
2030	0.007108847675
2031	0.00710851116
2032	0.007108392882
2033	0.007108339818
2034	0.007108271686
2035	0.007107320255
2036	0.007106646448
2037	0.007106572437
2038	0.00710636404
2039	0.007105305688
2040	0.007105170081
2041	0.007105009194
2042	0.007104677887
2043	0.007104629034
2044	0.007104279298
2045	0.007103958779
2046	0.007103842266
2047	0.007103749018
2048	0.007103675926
2049	0.007103509885
2050	0.007103461811
2051	0.007103346344
2052	0.007103239151
2053	0.007103101583
2054	0.007102812687
2055	0.007102746953
2056	0.007102690886
2057	0.007101803617
2058	0.0071016875
2059	0.007101463688
2060	0.007101398342
2061	0.007101307096
2062	0.007100963272
2063	0.007100930816
2064	0.007100242826
2065	0.00709839347
2066	0.007098338505
2067	0.007097930259
2068	0.007097866069
2069	0.007097548679
2070	0.007097231178
2071	0.007097167612
2072	0.007096639189
2073	0.007096607617
2074	0.00709651832
2075	0.007096441278
2076	0.007096285015
2077	0.007096213899
2078	0.007096130191
2079	0.007095130016
2080	0.007095046852
2081	0.007093610944
2082	0.007093280501
2083	0.007092337534
2084	0.007092250207
2085	0.00709218878
2086	0.007092101572
2087	0.007091585184
2088	0.007090909901
2089	0.007090288668
2090	0.007090265976
2091	0.007090122648
2092	0.007089923511
2093	0.007089130641
2094	0.007089056446
2095	0.007088969475
2096	0.007088645986
2097	0.007086886119
2098	0.007086850497
2099	0.007085242491
2100	0.007083963007
2101	0.007083731858
2102	0.007083670936
2103	0.007083546037
2104	0.007083510709
2105	0.007083189556
2106	0.007083129663
2107	0.007081248514
2108	0.007079632763
2109	0.007079588657
2110	0.007077751695
2111	0.007077406908
2112	0.007077336861
2113	0.007076993483
2114	0.007076116927
2115	0.007076003072
2116	0.00707558788
2117	0.007075540381
2118	0.007075452353
2119	0.007075328819
2120	0.007074851475
2121	0.00707478435
2122	0.007074627307
2123	0.007074552683
2124	0.007074215138
2125	0.00707416351
2126	0.007072895867
2127	0.007072687678
2128	0.007072577606
2129	0.007070795348
2130	0.007070475701
2131	0.007070056364
2132	0.00706964431
2133	0.007069598797
2134	0.007068158097
2135	0.007068099937
2136	0.007067912804
2137	0.007066120003
2138	0.007066042053
2139	0.007063978865
2140	0.00706383034
2141	0.007063653865
2142	0.007063588572
2143	0.007060554968
2144	0.007060224436
2145	0.007060150463
2146	0.007058504097
2147	0.007058272431
2148	0.007058234655
2149	0.007058166588
2150	0.007058121035
2151	0.007056586182
2152	0.007056528282
2153	0.007056474656
2154	0.007056424081
2155	0.007055866866
2156	0.007054459529
2157	0.007054409242
2158	0.007054300639
2159	0.007052704465
2160	0.007052419559
2161	0.007052399287
2162	0.007052130415
2163	0.007051353451
2164	0.007049123858
2165	0.007048882732
2166	0.007047466932
2167	0.007047098485
2168	0.007047034709
2169	0.007047012316
2170	0.007046272982
2171	0.00704586097
2172	0.007044810824
2173	0.00704467536
2174	0.007044362296
2175	0.007043115185
2176	0.007043034152
2177	0.007042958786
2178	0.007042904528
2179	0.007042050397
2180	0.007041985204
2181	0.007041759818
2182	0.007041572208
2183	0.007041489532
2184	0.00704083005
2185	0.007040750013
2186	0.007040582655
2187	0.007040273441
2188	0.007038497419
2189	0.007038273207
2190	0.007036195313
2191	0.00703563481
2192	0.00703556087
2193	0.007035491608
2194	0.00703472552
2195	0.007033896507
2196	0.007032479794
2197	0.007032431589
2198	0.007030691534
2199	0.007030637434
2200	0.007030332337
2201	0.007029301383
2202	0.007029122635
2203	0.007028947287
2204	0.007028550338
2205	0.007028453118
2206	0.007028280133
2207	0.007027639668
2208	0.007025806092
2209	0.007025502863
2210	0.007025235758
2211	0.007023153505
2212	0.007023075498
2213	0.007022034273
2214	0.007021988902
2215	0.007021469623
2216	0.007021355594
2217	0.007021303378
2218	0.007021152044
2219	0.007020858492
2220	0.007020816348
2221	0.007020510782
2222	0.007018654656
2223	0.007017610045
2224	0.007017446637
2225	0.007016602734
2226	0.007016489829
2227	0.007016385767
2228	0.00701632194
2229	0.007016245703
2230	0.00701559225
2231	0.007014989687
2232	0.007014656004
2233	0.007013297194
2234	0.007012426197
2235	0.007012313405
2236	0.007011964331
2237	0.007011249564
2238	0.00701110507
2239	0.007009098705
2240	0.007008995883
2241	0.00700866569
2242	0.00700860885
2243	0.007008076667
2244	0.007007790129
2245	0.007006239518
2246	0.007006181603
2247	0.007005644535
2248	0.007005603393
2249	0.007003480098
2250	0.007003438116
2251	0.007003378176
2252	0.007002739615
2253	0.007002515234
2254	0.007000497961
2255	0.007000253781
2256	0.007000136748
2257	0.00699995197
2258	0.006999916071
2259	0.006998303065
2260	0.006996334085
2261	0.0069946177
2262	0.006994401619
2263	0.006994308482
2264	0.006994258573
2265	0.00699413992
2266	0.006992434303
2267	0.006991066691
2268	0.006990966196
2269	0.006990916775
2270	0.006989621314
2271	0.006989553942
2272	0.006989494823
2273	0.006989350487
2274	0.006989302316
2275	0.006987945826
2276	0.006987495559
2277	0.006987372463
2278	0.006987258312
2279	0.006986967213
2280	0.006986334083
2281	0.006984639795
2282	0.006982711072
2283	0.006982666161
2284	0.006980839514
2285	0.006979060789
2286	0.006977541112
2287	0.006977382704
2288	0.006976566814
2289	0.006976515095
2290	0.006976470124
2291	0.006975054007
2292	0.006974119905
2293	0.00697407215
2294	0.006973705201
2295	0.006973493117
2296	0.006973375615
2297	0.006973055474
2298	0.006971738919
2299	0.006971005122
2300	0.006970957064
2301	0.006970885317
2302	0.006970841159
2303	0.006970742603
2304	0.00697024907
2305	0.006968793526
2306	0.006967143536
2307	0.006967079267
2308	0.006966976075
2309	0.006965679041
2310	0.006965073915
2311	0.006965009295
2312	0.006964300833
2313	0.006964214457
2314	0.006964174928
2315	0.006964003599
2316	0.006963940088
2317	0.006963767374
2318	0.00696348564
2319	0.006963388164
2320	0.006961863359
2321	0.006959119075
2322	0.006959103738
2323	0.006958819031
2324	0.006958810646
2325	0.00695869777
2326	0.006958552442
2327	0.006958241508
2328	0.006957046901
2329	0.006956789255
2330	0.00695647376
2331	0.006956217233
2332	0.00695611444
2333	0.006956073057
2334	0.006956027321
2335	0.006955754586
2336	0.006954536215
2337	0.006953854359
2338	0.006953063372
2339	0.006951119718
2340	0.006951050706
2341	0.006949286227
2342	0.006949167926
2343	0.00694896942
2344	0.006948926715
2345	0.006948861528
2346	0.006947511834
2347	0.006945916416
2348	0.006945705634
2349	0.006944883516
2350	0.006944680567
2351	0.006943905231
2352	0.006943814383
2353	0.006942527862
2354	0.006942403451
2355	0.006940775355
2356	0.006940561345
2357	0.006940013327
2358	0.006939963288
2359	0.006939685131
2360	0.006938100491
2361	0.00693806859
2362	0.006936173554
2363	0.006935244964
2364	0.00693413795
2365	0.006933931754
2366	0.006933829268
2367	0.006933585203
2368	0.006933203721
2369	0.006932904983
2370	0.006932802209
2371	0.006931894022
2372	0.006931856243
2373	0.006931744533
2374	0.006931567092
2375	0.006931369508
2376	0.006931353012
2377	0.006931177884
2378	0.00692979044
2379	0.006929526049
2380	0.006929045894
2381	0.006928852033
2382	0.006927639793
2383	0.006927578847
2384	0.006927387615
2385	0.00692696083
2386	0.006926910054
2387	0.006926088707
2388	0.006924637039
2389	0.006924579246
2390	0.006922722655
2391	0.006922145465
2392	0.006922032325
2393	0.006921993986
2394	0.006921935917
2395	0.006921829517
2396	0.006921524606
2397	0.006921458318
2398	0.00692141541
2399	0.006920557711
2400	0.006919855379
2401	0.006919816191
2402	0.006919615355
2403	0.006918218289
2404	0.00691666849
2405	0.006916395846
2406	0.006914604831
2407	0.006914497503
2408	0.006914084585
2409	0.006913898047
2410	0.006913791673
2411	0.006913713081
2412	0.006912903725
2413	0.00691286012
2414	0.006912746438
2415	0.00691154163
2416	0.006911298461
2417	0.006911202529
2418	0.006910901487
2419	0.006910863528
2420	0.006910853264
2421	0.006910812515
2422	0.006910770383
2423	0.006910603336
2424	0.006910440885
2425	0.00690981512
2426	0.006909722144
2427	0.006909039393
2428	0.006908897097
2429	0.006908790763
2430	0.006908760825
2431	0.006908666977
2432	0.006908619856
2433	0.006907991912
2434	0.006907877945
2435	0.006907608202
2436	0.006907398116
2437	0.006907161781
2438	0.006907023182
2439	0.00690693122
2440	0.006906422448
2441	0.006905339465
2442	0.006904499013
2443	0.006904355502
2444	0.006904289489
2445	0.006904109664
2446	0.006904052179
2447	0.006902384982
2448	0.006902197968
2449	0.006902074836
2450	0.00690071673
2451	0.006900533578
2452	0.006900253304
2453	0.006899039078
2454	0.006898651953
2455	0.006898381775
2456	0.006897069222
2457	0.006896804515
2458	0.006896555798
2459	0.006895495271
2460	0.006895433229
2461	0.006895232679
2462	0.006893813298
2463	0.006893767237
2464	0.006892711197
2465	0.006892534739
2466	0.006892241949
2467	0.006891394548
2468	0.006891291734
2469	0.006891139162
2470	0.006891082445
2471	0.006890185446
2472	0.006889903689
2473	0.006889851654
2474	0.006887690126
2475	0.006887650134
2476	0.0068869455
2477	0.006886724538
2478	0.006886593869
2479	0.006884567808
2480	0.006884539605
2481	0.00688436023
2482	0.006883688121
2483	0.006883510621
2484	0.006883454988
2485	0.006883282198
2486	0.00688315732
2487	0.006883115476
2488	0.006883076328
2489	0.006883037189
2490	0.006882934856
2491	0.0068827362
2492	0.006882336405
2493	0.006882228417
2494	0.006881433076
2495	0.006881395617
2496	0.006880217472
2497	0.006879394172
2498	0.006877769236
2499	0.006877025555
2500	0.006876795568
2501	0.00687659321
2502	0.006876511972
2503	0.006875264736
2504	0.006874745235
2505	0.006872865926
2506	0.006872604727
2507	0.00687256301
2508	0.006871144508
2509	0.006871056626
2510	0.006871005237
2511	0.006870945594
2512	0.006870790887
2513	0.006869813419
2514	0.006869553002
2515	0.006869294199
2516	0.006869104933
2517	0.006869000443
2518	0.00686874294
2519	0.006868165953
2520	0.006867817408
2521	0.006867728972
2522	0.00686769488
2523	0.006867644275
2524	0.006865755352
2525	0.006865282755
2526	0.006864432869
2527	0.006864397725
2528	0.006864197256
2529	0.006862701259
2530	0.006862545785
2531	0.006862457918
2532	0.006860969102
2533	0.006860769287
2534	0.006860681824
2535	0.006860573125
2536	0.006860425725
2537	0.0068585939
2538	0.006858536705
2539	0.006858384394
2540	0.00685836642
2541	0.006857102268
2542	0.006856960573
2543	0.006856844325
2544	0.0068566765
2545	0.006855208534
2546	0.006855083485
2547	0.006855035329
2548	0.006854164215
2549	0.006852902947
2550	0.00685135088
2551	0.006851066158
2552	0.006849696027
2553	0.006849375469
2554	0.006849173838
2555	0.00684824973
2556	0.006846438147
2557	0.006846252553
2558	0.006846134019
2559	0.006846031715
2560	0.006844792441
2561	0.006843165684
2562	0.006841797581
2563	0.00684173392
2564	0.006841696243
2565	0.006841522586
2566	0.006841383108
2567	0.006841330092
2568	0.006841318565
2569	0.006840734681
2570	0.006840515781
2571	0.006839175362
2572	0.00683900059
2573	0.006838888227
2574	0.006838809363
2575	0.006838019384
2576	0.006837937244
2577	0.006837884474
2578	0.006837835704
2579	0.006837712334
2580	0.00683746695
2581	0.006837365561
2582	0.006836044977
2583	0.006834547685
2584	0.006834204705
2585	0.00683341439
2586	0.006833328127
2587	0.006833297947
2588	0.006831725658
2589	0.006831349484
2590	0.006831338243
2591	0.006831216855
2592	0.006830642467
2593	0.006830556226
2594	0.006829923949
2595	0.006828881211
2596	0.006828713997
2597	0.006828249143
2598	0.006826815064
2599	0.006826145617
2600	0.006825515652
2601	0.006823074039
2602	0.006821879642
2603	0.006821153665
2604	0.00682024864
2605	0.006819763443
2606	0.006819662576
2607	0.006818536801
2608	0.006818499729
2609	0.006818297254
2610	0.006818257703
2611	0.006818183545
2612	0.006818041406
2613	0.006817954057
2614	0.006817879551
2615	0.006816482937
2616	0.006816406186
2617	0.006815308648
2618	0.006815147992
2619	0.006814972131
2620	0.006814793062
2621	0.006814745107
2622	0.006814590589
2623	0.006814535129
2624	0.006814355991
2625	0.006814318551
2626	0.006813123115
2627	0.006813086667
2628	0.006812978978
2629	0.006812707609
2630	0.006812376787
2631	0.006812177341
2632	0.006812028875
2633	0.006811835044
2634	0.006810521912
2635	0.006810482861
2636	0.00681036154
2637	0.006810205032
2638	0.006810057551
2639	0.006809807281
2640	0.006808205318
2641	0.006808133996
2642	0.006807176865
2643	0.006807038416
2644	0.006806884508
2645	0.006806709855
2646	0.006806563809
2647	0.006806423066
2648	0.006806278083
2649	0.006806136402
2650	0.006803996385
2651	0.006803808921
2652	0.006802693056
2653	0.006801800823
2654	0.006801614918
2655	0.006801578637
2656	0.006801384181
2657	0.006800686024
2658	0.00680056541
2659	0.006800470866
2660	0.006799046919
2661	0.006798798376
2662	0.006798729106
2663	0.00679840937
2664	0.006797908486
2665	0.006797080436
2666	0.006796325008
2667	0.006796246638
2668	0.006796086531
2669	0.006795578203
2670	0.006795408353
2671	0.006795222105
2672	0.006795189478
2673	0.006795087716
2674	0.006794847743
2675	0.006793272933
2676	0.006793086759
2677	0.006792839999
2678	0.006792665033
2679	0.006792531028
2680	0.006792477194
2681	0.006792309671
2682	0.006791971661
2683	0.006791842364
2684	0.006791765997
2685	0.006791332083
2686	0.006791180394
2687	0.006789927349
2688	0.00678958793
2689	0.006789339073
2690	0.006789211304
2691	0.006789070672
2692	0.006788980629
2693	0.006788454769
2694	0.006788362716
2695	0.006788040347
2696	0.006787234444
2697	0.006785224835
2698	0.00678370657
2699	0.006783449486
2700	0.006783367043
2701	0.006782149182
2702	0.006782035477
2703	0.006781809351
2704	0.006781554142
2705	0.006780320894
2706	0.006780063585
2707	0.006779016407
2708	0.006778966825
2709	0.006777944082
2710	0.006777689884
2711	0.006777518809
2712	0.006776662929
2713	0.006776409716
2714	0.006776282889
2715	0.006774725911
2716	0.006772992093
2717	0.006772750461
2718	0.006772485124
2719	0.006772422224
2720	0.006772205283
2721	0.006770444122
2722	0.006770418854
2723	0.006770329585
2724	0.006770088407
2725	0.006770036004
2726	0.006769945405
2727	0.006768403786
2728	0.006766665835
2729	0.006766531282
2730	0.006765928467
2731	0.006765621588
2732	0.006764241775
2733	0.006764200205
2734	0.006764087667
2735	0.00676334752
2736	0.006763030484
2737	0.006762782681
2738	0.006762613627
2739	0.006762458435
2740	0.006761711869
2741	0.006761677725
2742	0.006761182365
2743	0.006760893922
2744	0.006760849631
2745	0.006760661581
2746	0.006760424913
2747	0.006760379381
2748	0.006759324518
2749	0.006759170617
2750	0.006759136905
2751	0.006758833922
2752	0.006757211566
2753	0.006757067794
2754	0.00675690202
2755	0.006756848232
2756	0.006755569946
2757	0.006754586625
2758	0.00675313049
2759	0.00675291187
2760	0.006752275102
2761	0.006750936297
2762	0.006749200496
2763	0.006747832576
2764	0.006747795906
2765	0.00674770234
2766	0.006746986629
2767	0.006746887193
2768	0.006746333614
2769	0.006746300121
2770	0.006746210941
2771	0.006746121146
2772	0.006745749551
2773	0.006745725034
2774	0.006745673507
2775	0.006745639297
2776	0.006745405769
2777	0.006744972548
2778	0.006744659556
2779	0.006743087071
2780	0.006742843175
2781	0.00674280534
2782	0.006741399758
2783	0.006741167565
2784	0.006740998354
2785	0.006740824594
2786	0.006740732021
2787	0.006740491078
2788	0.00674025117
2789	0.006739175643
2790	0.006739000907
2791	0.006738188502
2792	0.006737159907
2793	0.006737019836
2794	0.00673519073
2795	0.006734890091
2796	0.00673372081
2797	0.006733326911
2798	0.006732371066
2799	0.006732213135
2800	0.006730999396
2801	0.006730861427
2802	0.006730607561
2803	0.006730526657
2804	0.006729556036
2805	0.006729407879
2806	0.006729281754
2807	0.006728506342
2808	0.006728004494
2809	0.006727726273
2810	0.00672771776
2811	0.006727638691
2812	0.006726811125
2813	0.006726522223
2814	0.006725244122
2815	0.006725104554
2816	0.006722597418
2817	0.006722139785
2818	0.006722010723
2819	0.0067218854
2820	0.006721380279
2821	0.006721189765
2822	0.006719977745
2823	0.006718684834
2824	0.006718557521
2825	0.00671843541
2826	0.006718108443
2827	0.006717846717
2828	0.00671473944
2829	0.006714696405
2830	0.006714400655
2831	0.006713236837
2832	0.006713177057
2833	0.00671250363
2834	0.006711684568
2835	0.006711592317
2836	0.006710382175
2837	0.006710351444
2838	0.006710199924
2839	0.006710060843
2840	0.006709856693
2841	0.006707754054
2842	0.006706021754
2843	0.006705966007
2844	0.006705929227
2845	0.006705797113
2846	0.006705570073
2847	0.006704109373
2848	0.006703228362
2849	0.006703201029
2850	0.006701530802
2851	0.006701446317
2852	0.006701221185
2853	0.006701145368
2854	0.006700948109
2855	0.006700826869
2856	0.006700792365
2857	0.00670063607
2858	0.006700548629
2859	0.006700448283
2860	0.006698947295
2861	0.00669780821
2862	0.006694900619
2863	0.006694835326
2864	0.006694626234
2865	0.006693937949
2866	0.006693884587
2867	0.006693840391
2868	0.006693796741
2869	0.006693691077
2870	0.00669279378
2871	0.006692724903
2872	0.006690946238
2873	0.006690865793
2874	0.006690550356
2875	0.006690262222
2876	0.006690197793
2877	0.006688095099
2878	0.006687975883
2879	0.006687754811
2880	0.006687724753
2881	0.006687689524
2882	0.006686901213
2883	0.006686831353
2884	0.006686540738
2885	0.006686514161
2886	0.006686395519
2887	0.006686367512
2888	0.006686342301
2889	0.006684942656
2890	0.006684887921
2891	0.006684860352
2892	0.006684727993
2893	0.006684073751
2894	0.006684061327
2895	0.006683982306
2896	0.00668372457
2897	0.006683679377
2898	0.006682359906
2899	0.006681266329
2900	0.006681227507
2901	0.006680881907
2902	0.00668082585
2903	0.006679165919
2904	0.006678355662
2905	0.006677919174
2906	0.006677856646
2907	0.00667691665
2908	0.00667640746
2909	0.006676332072
2910	0.006676273388
2911	0.006675880866
2912	0.006675815738
2913	0.006675596527
2914	0.006675545754
2915	0.006675472078
2916	0.006675342407
2917	0.006675248202
2918	0.0066749555
2919	0.006673443131
2920	0.00667340374
2921	0.006670779139
2922	0.006670050564
2923	0.006669985506
2924	0.006669238897
2925	0.006669037186
2926	0.006668920285
2927	0.006668912124
2928	0.006667241293
2929	0.006667234021
2930	0.006667110898
2931	0.006666027015
2932	0.006665976843
2933	0.006664656116
2934	0.006664596525
2935	0.006664574613
2936	0.006663199279
2937	0.006662951716
2938	0.006662690065
2939	0.006662291794
2940	0.006660983923
2941	0.006660050144
2942	0.006659335951
2943	0.006659162391
2944	0.00665911333
2945	0.006657987863
2946	0.006655040912
2947	0.006654968658
2948	0.00665473813
2949	0.006654709606
2950	0.00665467121
2951	0.006654596493
2952	0.006654106909
2953	0.006653412399
2954	0.006653196741
2955	0.006653165013
2956	0.0066530506
2957	0.006652787778
2958	0.00665206442
2959	0.006652003049
2960	0.006651939836
2961	0.006648724745
2962	0.006648693546
2963	0.006648610572
2964	0.006648500968
2965	0.006648494225
2966	0.006647840315
2967	0.006647760503
2968	0.006647521562
2969	0.006645022295
2970	0.006644951874
2971	0.006644736083
2972	0.006644424087
2973	0.006644307583
2974	0.006642780049
2975	0.006642597478
2976	0.006642570344
2977	0.006642544261
2978	0.006642484245
2979	0.006642404754
2980	0.006642194997
2981	0.006641931171
2982	0.006640696705
2983	0.006640474366
2984	0.006638858492
2985	0.006638671458
2986	0.006638526175
2987	0.006637250429
2988	0.006637243995
2989	0.006636881468
2990	0.006635406719
2991	0.00663528677
2992	0.006635247124
2993	0.006634275856
2994	0.006632808941
2995	0.006632116762
2996	0.006632051847
2997	0.006630854315
2998	0.006630412141
2999	0.006630343604
3000	0.006630315865
3001	0.006630170744
3002	0.006630057517
3003	0.006629826655
3004	0.006628944745
3005	0.006627613991
3006	0.006626914944
3007	0.006626889669
3008	0.006626865266
3009	0.006625155212
3010	0.006625127752
3011	0.0066248386
3012	0.006623619744
3013	0.006622695564
3014	0.006622608282
3015	0.00662254467
3016	0.006621632263
3017	0.006621572715
3018	0.006621003207
3019	0.006620879789
3020	0.006620852347
3021	0.006620819698
3022	0.006620758276
3023	0.006619782852
3024	0.006619757038
3025	0.006619751032
3026	0.006619539981
3027	0.006618787671
3028	0.006618673395
3029	0.006618490018
3030	0.006617776883
3031	0.006617675292
3032	0.006617668552
3033	0.006617601423
3034	0.006617561453
3035	0.006617506815
3036	0.006616426207
3037	0.006615565215
3038	0.006612811094
3039	0.006612604731
3040	0.006609991289
3041	0.006609928898
3042	0.006606252463
3043	0.006604133382
3044	0.006603984292
3045	0.006603912225
3046	0.006603161338
3047	0.006603110716
3048	0.006602881849
3049	0.006601090639
3050	0.006600868356
3051	0.006600538452
3052	0.006600472551
3053	0.006599860492
3054	0.006597730315
3055	0.006597585957
3056	0.006597549025
3057	0.006596638492
3058	0.006596317367
3059	0.006595950889
3060	0.006595889273
3061	0.006595824171
3062	0.006595405779
3063	0.006595345079
3064	0.006595202041
3065	0.006594309193
3066	0.006594303546
3067	0.006593941949
3068	0.006593059893
3069	0.006593036133
3070	0.006592852352
3071	0.006592777789
3072	0.006592771323
3073	0.006591457098
3074	0.006591392812
3075	0.00659015519
3076	0.006590095342
3077	0.00659000308
3078	0.006589986744
3079	0.006588519386
3080	0.00658848532
3081	0.006588238378
3082	0.006588177074
3083	0.006586988045
3084	0.006586877138
3085	0.006586870741
3086	0.006586107266
3087	0.00658608541
3088	0.006585941222
3089	0.00658481612
3090	0.006582921641
3091	0.006581610301
3092	0.006581365289
3093	0.006581281781
3094	0.006581218811
3095	0.00658109606
3096	0.006580906834
3097	0.006579710317
3098	0.006579691655
3099	0.006579022584
3100	0.006578998332
3101	0.006578899763
3102	0.006578894428
3103	0.00657863716
3104	0.006578515401
3105	0.006578151808
3106	0.006577491051
3107	0.006576047614
3108	0.006575985066
3109	0.006575934501
3110	0.006575658766
3111	0.006575492428
3112	0.006574111026
3113	0.006574049966
3114	0.006573842939
3115	0.006572625323
3116	0.006572613248
3117	0.00657240945
3118	0.006570239896
3119	0.006570143219
3120	0.006569490863
3121	0.006569447938
3122	0.006569283167
3123	0.006569085601
3124	0.006569075906
3125	0.006568765293
3126	0.006567923059
3127	0.006567843476
3128	0.006567458425
3129	0.006567437162
3130	0.006566571067
3131	0.006566405949
3132	0.006566151169
3133	0.006566093339
3134	0.006566025647
3135	0.006565976056
3136	0.00656584685
3137	0.006565633879
3138	0.006565364075
3139	0.006565298075
3140	0.006564584348
3141	0.006563409862
3142	0.006562958646
3143	0.006562152812
3144	0.006561897199
3145	0.006561699136
3146	0.006561559001
3147	0.00656138084
3148	0.006561184934
3149	0.006561060158
3150	0.006560377951
3151	0.006559357657
3152	0.006558840397
3153	0.006558646158
3154	0.006557216037
3155	0.006556658843
3156	0.006556473981
3157	0.006556354171
3158	0.006555556396
3159	0.006555515396
3160	0.006555321679
3161	0.006555291527
3162	0.006553875984
3163	0.006553848172
3164	0.006553149246
3165	0.006552418831
3166	0.006552096326
3167	0.006551893412
3168	0.006550885596
3169	0.006549423783
3170	0.006549182403
3171	0.006548716378
3172	0.006548659656
3173	0.006548075869
3174	0.006547951614
3175	0.006547514149
3176	0.006547334593
3177	0.006547070702
3178	0.006545682385
3179	0.006544079746
3180	0.006544074929
3181	0.006543913462
3182	0.006542611368
3183	0.00654260216
3184	0.006542496829
3185	0.006541763106
3186	0.006541658502
3187	0.006541073977
3188	0.006540369218
3189	0.00654022104
3190	0.006539420233
3191	0.006539411068
3192	0.00653834593
3193	0.006536816289
3194	0.00653660148
3195	0.006536557389
3196	0.006534842777
3197	0.006534787484
3198	0.006533254455
3199	0.006533140843
3200	0.006531985909
3201	0.006531927508
3202	0.006531175555
3203	0.006530666375
3204	0.006529291762
3205	0.006529262566
3206	0.006529061261
3207	0.006527867316
3208	0.006527026633
3209	0.006526616255
3210	0.006525944611
3211	0.006525919109
3212	0.006525854173
3213	0.006525735372
3214	0.006525624945
3215	0.006524848187
3216	0.00652470081
3217	0.006523931361
3218	0.006523704664
3219	0.006523656204
3220	0.006523496745
3221	0.006523334713
3222	0.006522593632
3223	0.006522127384
3224	0.006521951369
3225	0.006521949865
3226	0.006521513378
3227	0.006521427635
3228	0.006521296595
3229	0.006521147464
3230	0.006520654767
3231	0.006520146125
3232	0.006519241766
3233	0.006518700382
3234	0.006518575114
3235	0.006518427091
3236	0.006517416656
3237	0.006516785521
3238	0.006516763835
3239	0.006516742057
3240	0.006516720366
3241	0.006516591176
3242	0.006516476089
3243	0.006516458618
3244	0.006514815029
3245	0.006513927643
3246	0.00651380103
3247	0.006511984286
3248	0.006511847242
3249	0.006511824755
3250	0.006511766611
3251	0.006510055584
3252	0.006509084074
3253	0.006508722161
3254	0.006508562319
3255	0.006508433517
3256	0.006508354176
3257	0.006507807741
3258	0.006507750633
3259	0.006506803141
3260	0.006506777161
3261	0.00650620918
3262	0.006505179982
3263	0.006505034728
3264	0.006504520488
3265	0.006504492254
3266	0.006504381404
3267	0.006501760155
3268	0.006501639383
3269	0.006500226808
3270	0.006500174106
3271	0.006499676094
3272	0.006499430697
3273	0.006498174308
3274	0.006496061922
3275	0.006495918324
3276	0.006495861531
3277	0.006495657841
3278	0.006495489825
3279	0.006495268268
3280	0.006495158188
3281	0.00649497094
3282	0.006494598837
3283	0.00649385749
3284	0.006493655709
3285	0.006493577708
3286	0.006491525447
3287	0.006491260627
3288	0.006491208833
3289	0.006491204611
3290	0.006491153165
3291	0.006490257252
3292	0.006490206155
3293	0.006490067593
3294	0.006488690603
3295	0.006488644302
3296	0.006487981199
3297	0.006487976048
3298	0.006487971911
3299	0.006487913569
3300	0.006487219049
3301	0.00648652944
3302	0.00648652536
3303	0.006486471978
3304	0.006486390575
3305	0.006485151382
3306	0.006484462455
3307	0.006484288064
3308	0.006484167454
3309	0.006484124609
3310	0.006484004291
3311	0.006483818411
3312	0.006482687606
3313	0.006481706588
3314	0.006481530143
3315	0.006481480324
3316	0.006481339646
3317	0.006481112749
3318	0.006481010539
3319	0.006480941786
3320	0.006480927791
3321	0.006480831168
3322	0.00647987537
3323	0.006479871091
3324	0.006478641424
3325	0.006478214136
3326	0.006478205988
3327	0.006478023243
3328	0.006477200923
3329	0.006475715496
3330	0.006474665062
3331	0.006474084404
3332	0.0064740382
3333	0.006473967407
3334	0.006473485587
3335	0.006473452082
3336	0.006473280984
3337	0.006472754476
3338	0.006472705139
3339	0.006472689265
3340	0.006472667517
3341	0.006472473933
3342	0.006472445317
3343	0.006472370176
3344	0.00647092381
3345	0.006470707315
3346	0.006470671819
3347	0.006470342836
3348	0.006470339044
3349	0.006469657186
3350	0.006469608284
3351	0.006468922669
3352	0.006467986344
3353	0.006467884847
3354	0.006467703347
3355	0.006467579783
3356	0.006467278467
3357	0.006467139066
3358	0.006466936408
3359	0.006466891605
3360	0.006465148688
3361	0.006464589949
3362	0.006464561707
3363	0.00646419402
3364	0.006464189286
3365	0.006464051356
3366	0.006463446097
3367	0.006463327593
3368	0.006463272141
3369	0.006462618034
3370	0.006462478829
3371	0.006462309007
3372	0.006462154666
3373	0.006462106677
3374	0.006461501718
3375	0.006461215888
3376	0.006461020239
3377	0.006460841314
3378	0.006459807204
3379	0.006459439329
3380	0.006458165681
3381	0.006457660469
3382	0.006456943547
3383	0.006456834171
3384	0.006456799799
3385	0.006456693041
3386	0.006456654944
3387	0.006455587165
3388	0.006454777249
3389	0.006453784904
3390	0.006453716184
3391	0.00645273742
3392	0.006449837586
3393	0.00644919896
3394	0.006448212107
3395	0.006445783088
3396	0.006444841762
3397	0.006443967472
3398	0.006443917066
3399	0.006443811564
3400	0.006443569187
3401	0.006443222242
3402	0.006442448184
3403	0.006442033087
3404	0.006441532842
3405	0.006440752948
3406	0.006440016731
3407	0.006438890623
3408	0.006438846615
3409	0.006438741641
3410	0.006438701144
3411	0.006437633968
3412	0.006437626
3413	0.006437580996
3414	0.006436464568
3415	0.006436380177
3416	0.006435587065
3417	0.006435357099
3418	0.006434544364
3419	0.00643388023
3420	0.006433878978
3421	0.006433847915
3422	0.006433803572
3423	0.006432509785
3424	0.006432486037
3425	0.006432399594
3426	0.00643223017
3427	0.006432126559
3428	0.006431464855
3429	0.006431329181
3430	0.00642952079
3431	0.006428609481
3432	0.006426870001
3433	0.006426767282
3434	0.006426270016
3435	0.006424777243
3436	0.006424731113
3437	0.00642442873
3438	0.006424242907
3439	0.006424108622
3440	0.006422869491
3441	0.006422734738
3442	0.00642267646
3443	0.006422583696
3444	0.006421558092
3445	0.006421506005
3446	0.006421376198
3447	0.006421056652
3448	0.00642063996
3449	0.006419922692
3450	0.006419900516
3451	0.006419738908
3452	0.006419689493
3453	0.006419574737
3454	0.006419235963
3455	0.006419069353
3456	0.006419027259
3457	0.006418594373
3458	0.006418497527
3459	0.006418475601
3460	0.006418379875
3461	0.006418286445
3462	0.006418237696
3463	0.006418191783
3464	0.0064173586
3465	0.006417350857
3466	0.006417251128
3467	0.006417074163
3468	0.006416156725
3469	0.006415918049
3470	0.006415872629
3471	0.006415777695
3472	0.006415600303
3473	0.006414857735
3474	0.006414216939
3475	0.006414212523
3476	0.006412609675
3477	0.006410977388
3478	0.00641080263
3479	0.006410547683
3480	0.006410470748
3481	0.006410234668
3482	0.006409694503
3483	0.006409166261
3484	0.006407925984
3485	0.00640789469
3486	0.006406711465
3487	0.00640567875
3488	0.006405441786
3489	0.006405301744
3490	0.006403650187
3491	0.00640296312
3492	0.00640166885
3493	0.006401382751
3494	0.006401333543
3495	0.006401133765
3496	0.006400878492
3497	0.006400861613
3498	0.006399890079
3499	0.006399489926
3500	0.006399180594
3501	0.006399079136
3502	0.006398866406
3503	0.006398845392
3504	0.00639873564
3505	0.006398535402
3506	0.00639705264
3507	0.006396058155
3508	0.006394448312
3509	0.006393388078
3510	0.00639327909
3511	0.006393003579
3512	0.006392744182
3513	0.006392741028
3514	0.006391351275
3515	0.006391220425
3516	0.006391007575
3517	0.006389557512
3518	0.006389252106
3519	0.006386641125
3520	0.006386620431
3521	0.006386524448
3522	0.006386521378
3523	0.006386477243
3524	0.006386419115
3525	0.006386375535
3526	0.006386371429
3527	0.006385317886
3528	0.006384166085
3529	0.006384132523
3530	0.006383548319
3531	0.006382948096
3532	0.006382899831
3533	0.006382692317
3534	0.006382531791
3535	0.00638215555
3536	0.006381936368
3537	0.006381918699
3538	0.006380812651
3539	0.00638076238
3540	0.006379791898
3541	0.006379744727
3542	0.006379658253
3543	0.006377782105
3544	0.006377614245
3545	0.006377540062
3546	0.006375865457
3547	0.006375822213
3548	0.006375239021
3549	0.006374180761
3550	0.006373880919
3551	0.006373788753
3552	0.006373736361
3553	0.006372494887
3554	0.006371937322
3555	0.00637045226
3556	0.006370365518
3557	0.006370165175
3558	0.006370139035
3559	0.006369414724
3560	0.00636837396
3561	0.006368213079
3562	0.006368028315
3563	0.006366742639
3564	0.006366641092
3565	0.006366622601
3566	0.00636655903
3567	0.006366315584
3568	0.006365570027
3569	0.006365479136
3570	0.006363782829
3571	0.006361477232
3572	0.006361393244
3573	0.006359686673
3574	0.006359442153
3575	0.006359214146
3576	0.006359009021
3577	0.006357827336
3578	0.006357784997
3579	0.006357753257
3580	0.006357689214
3581	0.00635763843
3582	0.006355876981
3583	0.00635587408
3584	0.00635556392
3585	0.006355107042
3586	0.006355065245
3587	0.006353780607
3588	0.006353612109
3589	0.006352849793
3590	0.006352810518
3591	0.006352579986
3592	0.006351814242
3593	0.006351807276
3594	0.00635168015
3595	0.006351073621
3596	0.006350598092
3597	0.006350552721
3598	0.006349779794
3599	0.006349366896
3600	0.006349163814
3601	0.006349056674
3602	0.006348707781
3603	0.00634853409
3604	0.006348492805
3605	0.006348309
3606	0.006347602786
3607	0.006345972822
3608	0.006345957908
3609	0.006344409451
3610	0.006344268119
3611	0.006344079436
3612	0.006344041764
3613	0.006342825119
3614	0.006342246882
3615	0.006342024319
3616	0.006341980185
3617	0.006341939611
3618	0.006341715914
3619	0.006341624443
3620	0.006341611865
3621	0.006340734098
3622	0.006340693802
3623	0.006339819774
3624	0.006338294446
3625	0.006338253112
3626	0.006337521631
3627	0.006337449501
3628	0.006337446781
3629	0.006337260404
3630	0.006337155953
3631	0.006336998921
3632	0.006336984256
3633	0.006336783777
3634	0.006335840782
3635	0.006334308106
3636	0.006333388531
3637	0.006332276336
3638	0.006331976916
3639	0.006331505773
3640	0.006331381627
3641	0.006329974567
3642	0.006329955108
3643	0.00632894074
3644	0.006328846119
3645	0.006328799026
3646	0.006328685806
3647	0.006327579776
3648	0.006326826471
3649	0.00632661457
3650	0.006326224399
3651	0.006326075493
3652	0.006325967498
3653	0.006325928036
3654	0.006325897375
3655	0.006323322318
3656	0.006323186332
3657	0.006321745718
3658	0.006321402751
3659	0.006321384324
3660	0.006321360037
3661	0.006321205514
3662	0.006321082114
3663	0.006320936533
3664	0.006320918219
3665	0.006320869445
3666	0.006320844132
3667	0.006320804992
3668	0.00632076427
3669	0.006320761741
3670	0.006319026124
3671	0.006318599398
3672	0.006317806412
3673	0.006316997349
3674	0.006316943456
3675	0.006316792222
3676	0.006316523359
3677	0.006315981283
3678	0.006315653314
3679	0.006314010145
3680	0.006313967523
3681	0.006313395962
3682	0.006312729923
3683	0.006312518742
3684	0.006311404097
3685	0.006310320542
3686	0.006310280483
3687	0.006310242502
3688	0.006307752229
3689	0.006306271333
3690	0.006304800202
3691	0.006304057546
3692	0.006302907311
3693	0.006302137003
3694	0.006301112265
3695	0.006298993349
3696	0.006298908906
3697	0.006298386222
3698	0.006298213503
3699	0.006297935468
3700	0.006297331856
3701	0.006296136686
3702	0.006295498504
3703	0.006294225996
3704	0.00629422358
3705	0.006293682263
3706	0.006293596098
3707	0.006293225854
3708	0.006291608296
3709	0.006291567352
3710	0.006290558206
3711	0.00629020572
3712	0.006288928309
3713	0.006287724807
3714	0.006287291465
3715	0.006285822808
3716	0.006285410984
3717	0.006285115429
3718	0.006283154013
3719	0.006282929147
3720	0.006282917804
3721	0.006282024582
3722	0.006281960797
3723	0.006279958779
3724	0.006279094834
3725	0.006278642879
3726	0.006278551675
3727	0.006278431568
3728	0.006278262638
3729	0.006277304589
3730	0.006276921408
3731	0.006276813829
3732	0.006276521169
3733	0.006276103187
3734	0.006275991339
3735	0.006275921568
3736	0.006274334219
3737	0.0062733177
3738	0.006272006328
3739	0.006271703951
3740	0.006270701882
3741	0.006270662279
3742	0.006269759796
3743	0.006269502856
3744	0.006268460784
3745	0.006268078702
3746	0.006268029169
3747	0.006267992306
3748	0.006267067924
3749	0.006266719655
3750	0.006264893323
3751	0.006263421175
3752	0.006263337233
3753	0.006262977455
3754	0.006262804568
3755	0.006262158623
3756	0.006262100238
3757	0.006261307584
3758	0.006261059014
3759	0.006260565579
3760	0.006260194957
3761	0.006260111064
3762	0.006258662321
3763	0.006258370872
3764	0.00625758345
3765	0.006257169096
3766	0.006256532464
3767	0.006256415308
3768	0.006255700377
3769	0.006255321859
3770	0.006255103305
3771	0.006254458132
3772	0.006254349145
3773	0.006252991969
3774	0.0062527611
3775	0.006252724376
3776	0.006252200801
3777	0.006252101291
3778	0.00625081941
3779	0.006250816035
3780	0.006250532455
3781	0.006248503946
3782	0.006247699169
3783	0.006247446488
3784	0.006247350321
3785	0.006247189704
3786	0.006247095812
3787	0.006246519989
3788	0.006246453188
3789	0.006246416963
3790	0.006246380977
3791	0.006246378674
3792	0.006245664813
3793	0.006245496616
3794	0.006244895506
3795	0.006244245799
3796	0.00624367191
3797	0.006243199422
3798	0.006241904472
3799	0.006241738648
3800	0.006241533409
3801	0.006241453446
3802	0.00624073056
3803	0.006240018725
3804	0.006239998393
3805	0.006239759028
3806	0.006239646622
3807	0.006239435349
3808	0.00623942582
3809	0.00623933273
3810	0.006239209812
3811	0.006238843053
3812	0.006238061966
3813	0.006237950406
3814	0.006237904252
3815	0.006236841618
3816	0.006235357318
3817	0.00623531211
3818	0.006233867252
3819	0.006233738835
3820	0.006233635881
3821	0.006233491759
3822	0.006231761574
3823	0.006231624169
3824	0.006231305234
3825	0.006231298835
3826	0.006230905252
3827	0.006230621229
3828	0.006230576514
3829	0.006230450179
3830	0.006230087343
3831	0.006229770869
3832	0.006229552165
3833	0.006229111893
3834	0.006227908919
3835	0.006227871563
3836	0.00622771201
3837	0.006226046348
3838	0.006225609467
3839	0.006225573529
3840	0.00622546067
3841	0.006225458407
3842	0.006225451079
3843	0.006223897394
3844	0.006223542349
3845	0.006223517179
3846	0.006222274681
3847	0.006221907813
3848	0.006221872026
3849	0.006221836448
3850	0.006221084184
3851	0.0062203289
3852	0.006220326681
3853	0.006219097628
3854	0.00621836402
3855	0.006217952478
3856	0.006217735712
3857	0.006217554726
3858	0.006217286366
3859	0.006216606096
3860	0.006216571029
3861	0.006216556139
3862	0.006214015326
3863	0.006213984096
3864	0.006213353043
3865	0.006213274378
3866	0.006213235426
3867	0.006213106328
3868	0.006213076248
3869	0.006212578107
3870	0.006212548386
3871	0.006212360975
3872	0.006212337528
3873	0.006212317765
3874	0.006211893193
3875	0.006211136944
3876	0.00621069694
3877	0.006209641151
3878	0.006209069466
3879	0.006208872798
3880	0.006207638955
3881	0.006207568698
3882	0.006207375416
3883	0.006206244312
3884	0.006205476197
3885	0.006205440214
3886	0.006205405835
3887	0.006204697495
3888	0.006204455354
3889	0.006204431183
3890	0.006204231262
3891	0.006203986168
3892	0.006203267223
3893	0.006203218454
3894	0.006201548675
3895	0.006200951604
3896	0.006199931568
3897	0.006199825475
3898	0.006199823381
3899	0.006199817183
3900	0.006199415559
3901	0.006199176089
3902	0.00619904328
3903	0.006198700332
3904	0.006198094464
3905	0.006197573249
3906	0.00619756459
3907	0.006197526659
3908	0.006197493206
3909	0.006197487044
3910	0.00619724469
3911	0.006197037503
3912	0.006196209996
3913	0.0061961409
3914	0.006196107947
3915	0.006196015212
3916	0.006194723973
3917	0.006193892618
3918	0.006193815011
3919	0.006193202929
3920	0.006193136364
3921	0.006193091478
3922	0.006192995468
3923	0.006191957715
3924	0.006191819946
3925	0.00619176673
3926	0.006189950821
3927	0.00618964373
3928	0.006188199469
3929	0.006187297333
3930	0.0061866952
3931	0.006185393681
3932	0.006185308797
3933	0.006185306722
3934	0.006184585916
3935	0.006184490184
3936	0.006183904108
3937	0.00618363242
3938	0.006183180888
3939	0.006182976862
3940	0.006182970797
3941	0.006182799967
3942	0.006182595753
3943	0.006181903116
3944	0.006181773094
3945	0.006181741094
3946	0.006181607729
3947	0.006181094409
3948	0.006180928731
3949	0.006180396157
3950	0.006180337614
3951	0.006180207582
3952	0.006179292039
3953	0.006178700032
3954	0.006178697978
3955	0.006178461755
3956	0.006178043466
3957	0.006177506839
3958	0.006177348122
3959	0.006175979805
3960	0.00617544058
3961	0.006174900483
3962	0.006174768846
3963	0.006173234914
3964	0.00617323287
3965	0.006173137065
3966	0.006173091453
3967	0.006173067871
3968	0.006172938315
3969	0.006172619216
3970	0.006172564484
3971	0.006172499649
3972	0.00617246265
3973	0.006172357565
3974	0.006170512398
3975	0.00617047841
3976	0.006170101187
3977	0.006170028134
3978	0.006169042495
3979	0.006168557624
3980	0.006167373077
3981	0.006167207613
3982	0.006167200712
3983	0.006167092666
3984	0.006167046934
3985	0.006166509947
3986	0.006166039212
3987	0.006165725076
3988	0.006164612796
3989	0.006164307904
3990	0.006164248832
3991	0.006163845949
3992	0.006163833955
3993	0.006163651083
3994	0.006163365678
3995	0.006163292443
3996	0.006163228316
3997	0.006161689379
3998	0.006161354531
3999	0.006159311581
4000	0.006158635905
4001	0.0061576346
4002	0.00615750726
4003	0.00615718751
4004	0.006157174959
4005	0.006155554651
4006	0.006155107273
4007	0.006153576576
4008	0.00615200139
4009	0.006151161175
4010	0.006150314028
4011	0.006150259013
4012	0.006149929448
4013	0.006149884439
4014	0.006149759623
4015	0.006147982592
4016	0.006147540765
4017	0.006146358874
4018	0.00614614605
4019	0.006146113743
4020	0.006146057008
4021	0.006145335323
4022	0.006143978765
4023	0.006143739935
4024	0.006142714453
4025	0.006142664649
4026	0.006140842366
4027	0.006140840354
4028	0.006140754309
4029	0.006140664146
4030	0.006140632332
4031	0.006140558493
4032	0.006140526633
4033	0.006140454821
4034	0.00613834126
4035	0.006136830751
4036	0.006136799103
4037	0.006136165433
4038	0.00613607676
4039	0.00613575039
4040	0.006135483988
4041	0.006135442257
4042	0.006135264535
4043	0.006135197571
4044	0.006135124911
4045	0.006135051803
4046	0.006133704353
4047	0.00613351686
4048	0.006133166979
4049	0.006133164995
4050	0.006132518806
4051	0.00613157869
4052	0.006130593639
4053	0.006130332024
4054	0.006130271511
4055	0.006130164499
4056	0.006130129528
4057	0.006129835806
4058	0.006129710191
4059	0.006128905731
4060	0.006127562844
4061	0.006127446958
4062	0.006125663896
4063	0.006125552476
4064	0.00612533546
4065	0.006124878889
4066	0.006123551658
4067	0.006123127918
4068	0.006121404166
4069	0.006121039508
4070	0.006120240533
4071	0.006120126488
4072	0.006119650044
4073	0.006119434541
4074	0.006119232078
4075	0.006119163323
4076	0.006118503366
4077	0.006118249584
4078	0.006116910076
4079	0.006116737702
4080	0.00611660164
4081	0.006115379627
4082	0.006114272108
4083	0.006113761255
4084	0.006113667223
4085	0.006113454662
4086	0.006113328218
4087	0.006112932988
4088	0.006112653796
4089	0.006111911186
4090	0.006111197244
4091	0.006111195286
4092	0.006111080394
4093	0.006109708437
4094	0.006109318753
4095	0.006109284353
4096	0.006108313602
4097	0.006108250542
4098	0.006108218921
4099	0.006108203025
4100	0.006108137978
4101	0.006107128026
4102	0.006106130441
4103	0.006105692319
4104	0.006103864622
4105	0.00610336372
4106	0.00610306961
4107	0.006102453921
4108	0.006101991158
4109	0.006101719818
4110	0.006101009277
4111	0.006100993404
4112	0.006099972969
4113	0.006099522015
4114	0.006099191332
4115	0.006097453708
4116	0.006097421512
4117	0.006097387512
4118	0.006096541578
4119	0.006096038603
4120	0.006096036696
4121	0.006095826896
4122	0.00609515835
4123	0.006095112472
4124	0.006094851317
4125	0.006094161499
4126	0.006094131426
4127	0.006093482555
4128	0.006092711281
4129	0.006092609682
4130	0.006092418575
4131	0.006090483348
4132	0.006090323303
4133	0.006090254257
4134	0.006089965964
4135	0.006089964085
4136	0.006088675287
4137	0.006087565787
4138	0.006087398068
4139	0.00608717802
4140	0.006086179619
4141	0.006085766824
4142	0.006083576076
4143	0.006082761218
4144	0.006082306324
4145	0.006081305539
4146	0.006080546393
4147	0.006078986594
4148	0.006078769791
4149	0.006078736375
4150	0.006077804573
4151	0.006077702738
4152	0.006077371372
4153	0.006076712559
4154	0.006076642872
4155	0.006075691992
4156	0.006074520938
4157	0.006074492546
4158	0.006074401673
4159	0.006073928272
4160	0.006072436895
4161	0.006072247697
4162	0.006071650933
4163	0.00607160291
4164	0.006070606758
4165	0.006069496534
4166	0.006069367376
4167	0.006069320452
4168	0.006069116044
4169	0.006068249597
4170	0.006067548506
4171	0.006067356122
4172	0.006066179828
4173	0.00606603951
4174	0.006065826536
4175	0.006065779767
4176	0.006065523765
4177	0.006065175498
4178	0.006063680339
4179	0.006062853385
4180	0.006062287811
4181	0.006062285969
4182	0.006062280578
4183	0.00606223348
4184	0.006060491181
4185	0.006059842101
4186	0.006058269267
4187	0.00605823105
4188	0.006058099382
4189	0.006056961571
4190	0.006056830898
4191	0.006056600486
4192	0.006055702688
4193	0.006055318732
4194	0.00605465967
4195	0.006054476625
4196	0.006053496177
4197	0.006053052458
4198	0.006052645838
4199	0.006052544219
4200	0.006051459777
4201	0.006051350665
4202	0.006051323037
4203	0.00605126369
4204	0.006051134034
4205	0.00605099793
4206	0.006050862309
4207	0.006050230708
4208	0.006049479707
4209	0.006047722018
4210	0.006047296407
4211	0.006047030372
4212	0.006046901783
4213	0.006046865699
4214	0.006046775071
4215	0.006045479565
4216	0.006045323692
4217	0.006045217835
4218	0.006044280433
4219	0.006043866368
4220	0.006043464171
4221	0.006042522059
4222	0.006041462288
4223	0.006041124522
4224	0.006040331238
4225	0.006040302082
4226	0.006040127388
4227	0.006040122205
4228	0.006039643516
4229	0.006039083106
4230	0.006038607585
4231	0.006038474963
4232	0.006037537716
4233	0.006037508803
4234	0.00603737655
4235	0.006036958385
4236	0.006036956576
4237	0.006036926651
4238	0.006036822625
4239	0.006034902281
4240	0.006033379296
4241	0.006033045092
4242	0.006032999404
4243	0.006032237928
4244	0.006032192667
4245	0.006031714212
4246	0.006031608168
4247	0.006030967391
4248	0.006030919722
4249	0.006030845637
4250	0.006029954852
4251	0.006029091229
4252	0.006029045771
4253	0.006028208241
4254	0.006027925745
4255	0.006027878871
4256	0.006027267712
4257	0.006027132448
4258	0.006026619353
4259	0.006025934793
4260	0.006025876905
4261	0.006025714516
4262	0.006025166537
4263	0.006024542105
4264	0.006023860778
4265	0.006023813883
4266	0.006023051821
4267	0.006022189998
4268	0.006022188222
4269	0.006021490927
4270	0.006021280735
4271	0.006020752472
4272	0.006020750698
4273	0.006020261478
4274	0.00601962677
4275	0.006019599038
4276	0.006018498806
4277	0.006016469053
4278	0.006015609226
4279	0.006014446366
4280	0.006014030416
4281	0.006013842534
4282	0.006013025853
4283	0.006012398609
4284	0.006012163309
4285	0.006011869353
4286	0.006010801629
4287	0.006010759942
4288	0.00601059537
4289	0.006010420651
4290	0.006010354386
4291	0.006009826518
4292	0.006009408889
4293	0.006009314935
4294	0.006008171333
4295	0.006007981714
4296	0.006007949797
4297	0.006006666254
4298	0.006006046023
4299	0.006004079713
4300	0.006003687113
4301	0.0060036593
4302	0.006003614203
4303	0.006002294155
4304	0.006001319129
4305	0.006000128314
4306	0.005999446815
4307	0.005999113058
4308	0.005998842526
4309	0.005997914526
4310	0.005997485603
4311	0.005996783789
4312	0.005996730455
4313	0.00599557249
4314	0.005994136269
4315	0.005992192555
4316	0.005991283024
4317	0.005990991382
4318	0.005990865481
4319	0.005989601452
4320	0.005989547865
4321	0.005988724647
4322	0.005987856438
4323	0.005987721002
4324	0.005987696
4325	0.005987575679
4326	0.00598731527
4327	0.005987142931
4328	0.005987127757
4329	0.00598702443
4330	0.005986919733
4331	0.005986431204
4332	0.005986282948
4333	0.005986213309
4334	0.005986136551
4335	0.005984790456
4336	0.005984031163
4337	0.005983154057
4338	0.005983054393
4339	0.005982788212
4340	0.005981380083
4341	0.005981335493
4342	0.005981182547
4343	0.00598093767
4344	0.005980435532
4345	0.005979128129
4346	0.005978530155
4347	0.005978117105
4348	0.005977837451
4349	0.005977586423
4350	0.005977580379
4351	0.005976456235
4352	0.005974468806
4353	0.005974373339
4354	0.005974040743
4355	0.005973682371
4356	0.005972545089
4357	0.005971867537
4358	0.005971280953
4359	0.005971000611
4360	0.005970401859
4361	0.005969785538
4362	0.005969754883
4363	0.005969699092
4364	0.005969669464
4365	0.005969112671
4366	0.00596902484
4367	0.005968698215
4368	0.005968128809
4369	0.005967351782
4370	0.00596730284
4371	0.005966960742
4372	0.005966941575
4373	0.005966886642
4374	0.005966756477
4375	0.005966518963
4376	0.005966431431
4377	0.005966244832
4378	0.005965114062
4379	0.005965010543
4380	0.005964557576
4381	0.00596454264
4382	0.005963327269
4383	0.005963116418
4384	0.005961338738
4385	0.005960933678
4386	0.00596044408
4387	0.005960151417
4388	0.005960063972
4389	0.005958787021
4390	0.005958628337
4391	0.005958032999
4392	0.005958019321
4393	0.005957077664
4394	0.00595583729
4395	0.005954195437
4396	0.005953362387
4397	0.005953335398
4398	0.005952685849
4399	0.005952635422
4400	0.005951986696
4401	0.005951865819
4402	0.005951859639
4403	0.005950788389
4404	0.005950642485
4405	0.005950528055
4406	0.005950521941
4407	0.005950081695
4408	0.005949959002
4409	0.005949783167
4410	0.005949338622
4411	0.005949273916
4412	0.005948746992
4413	0.005948538714
4414	0.005948499018
4415	0.005947968516
4416	0.0059477328
4417	0.005947600384
4418	0.005947498069
4419	0.005947261611
4420	0.005947222409
4421	0.005945817726
4422	0.005945548508
4423	0.005945539383
4424	0.005944629012
4425	0.005944527493
4426	0.005944318377
4427	0.005944005763
4428	0.005943165516
4429	0.005943118232
4430	0.005942479356
4431	0.005941464704
4432	0.005940540246
4433	0.005940456492
4434	0.005940233381
4435	0.005939764416
4436	0.005939606991
4437	0.005939259181
4438	0.005938434654
4439	0.005937988829
4440	0.005937382619
4441	0.005937325905
4442	0.005937161064
4443	0.005936926238
4444	0.005936128546
4445	0.005936102118
4446	0.005935983437
4447	0.005935898885
4448	0.005935590834
4449	0.005935491668
4450	0.005935251527
4451	0.005934746007
4452	0.005934668129
4453	0.005934065839
4454	0.005933706215
4455	0.005932347158
4456	0.005932257171
4457	0.005932055488
4458	0.005931952972
4459	0.005931687558
4460	0.00593051704
4461	0.005930145791
4462	0.005930059221
4463	0.005929750514
4464	0.0059278694
4465	0.005927684118
4466	0.005926931634
4467	0.005926873325
4468	0.005926793494
4469	0.005926718988
4470	0.005926618459
4471	0.005926496017
4472	0.005925653564
4473	0.005925637986
4474	0.005925603849
4475	0.005925265373
4476	0.005924580448
4477	0.005924398088
4478	0.005923431389
4479	0.005923429671
4480	0.005923301704
4481	0.005923280576
4482	0.005923154432
4483	0.005921652274
4484	0.005920771876
4485	0.005920696566
4486	0.00592060795
4487	0.005919622226
4488	0.005918565702
4489	0.005917957287
4490	0.005916786459
4491	0.005916332197
4492	0.00591486058
4493	0.005914580957
4494	0.005914164607
4495	0.005912879686
4496	0.005911588538
4497	0.005911555423
4498	0.005911529417
4499	0.005910637682
4500	0.005910596975
4501	0.005910341771
4502	0.005909569622
4503	0.005909201261
4504	0.005908983359
4505	0.005908921966
4506	0.005908412198
4507	0.005908241676
4508	0.005908011684
4509	0.005907826617
4510	0.005906629407
4511	0.005906461164
4512	0.005906340063
4513	0.005905489573
4514	0.005904153404
4515	0.00590410924
4516	0.005902936618
4517	0.005901402227
4518	0.005901226714
4519	0.00590102899
4520	0.005900272109
4521	0.005899342363
4522	0.005899236458
4523	0.005898544059
4524	0.005898534646
4525	0.005897956271
4526	0.005897729828
4527	0.005897564867
4528	0.00589643944
4529	0.005896346596
4530	0.00589532178
4531	0.005895224457
4532	0.005895141159
4533	0.005895138116
4534	0.005894280243
4535	0.00589270321
4536	0.005892632276
4537	0.005892448786
4538	0.005892410807
4539	0.005891946494
4540	0.005891663255
4541	0.005891599242
4542	0.005891038563
4543	0.005889517714
4544	0.005889442677
4545	0.005889404417
4546	0.005889279226
4547	0.005889241146
4548	0.005889198132
4549	0.005888362339
4550	0.005887885874
4551	0.005886515306
4552	0.005885670796
4553	0.005885633069
4554	0.005885200137
4555	0.005884715313
4556	0.005884627438
4557	0.005884305593
4558	0.005883088077
4559	0.005883078841
4560	0.005882674248
4561	0.00588191004
4562	0.005881006661
4563	0.00588055996
4564	0.005880053829
4565	0.005878433828
4566	0.00587788299
4567	0.005877156407
4568	0.005876361624
4569	0.005876304492
4570	0.005875994101
4571	0.005875967945
4572	0.005875345522
4573	0.00587511338
4574	0.005874752214
4575	0.005874666593
4576	0.005873799139
4577	0.005873232432
4578	0.005872557977
4579	0.005872056786
4580	0.005871981589
4581	0.005871942723
4582	0.005871872885
4583	0.005871508809
4584	0.005871419056
4585	0.005870811264
4586	0.005870384479
4587	0.005869654381
4588	0.00586953952
4589	0.00586911587
4590	0.005869091821
4591	0.005868508728
4592	0.005867906642
4593	0.005867507678
4594	0.005867453818
4595	0.005866584218
4596	0.005865793725
4597	0.005865330435
4598	0.005865271546
4599	0.005864205747
4600	0.005862626833
4601	0.005862023932
4602	0.005861143988
4603	0.005861070958
4604	0.005860910844
4605	0.005860488079
4606	0.005859949475
4607	0.005859813742
4608	0.005859673132
4609	0.005859501414
4610	0.005859297947
4611	0.00585758205
4612	0.00585711502
4613	0.005856769645
4614	0.005856403319
4615	0.00585638865
4616	0.005855603748
4617	0.005854625641
4618	0.00585323693
4619	0.005851486882
4620	0.005850461047
4621	0.005850266246
4622	0.005850201568
4623	0.005849582953
4624	0.005848948308
4625	0.005847025368
4626	0.005846932191
4627	0.005845878245
4628	0.005845853396
4629	0.005845181705
4630	0.005845128663
4631	0.005844825602
4632	0.005844433151
4633	0.00584434418
4634	0.005844329987
4635	0.00584421445
4636	0.005844094229
4637	0.005843690279
4638	0.005843318326
4639	0.005843293691
4640	0.005842081371
4641	0.005841307369
4642	0.005841268451
4643	0.005840418181
4644	0.005840103767
4645	0.005839250309
4646	0.005839073794
4647	0.005839044184
4648	0.005838885674
4649	0.005838248565
4650	0.005837162547
4651	0.005837032873
4652	0.005836285088
4653	0.005834818511
4654	0.005834072561
4655	0.005833904037
4656	0.005833902531
4657	0.005832963562
4658	0.005832123482
4659	0.005832021913
4660	0.005830789325
4661	0.005830703835
4662	0.005830212511
4663	0.005830101568
4664	0.005830080156
4665	0.00582942546
4666	0.00582871788
4667	0.005828182925
4668	0.00582815902
4669	0.005828076218
4670	0.005826699391
4671	0.005826300401
4672	0.005825883343
4673	0.005825517118
4674	0.005824421725
4675	0.00582407886
4676	0.005823551691
4677	0.00582298081
4678	0.00582235093
4679	0.005822026357
4680	0.005821838817
4681	0.005821693384
4682	0.005820780473
4683	0.00582074739
4684	0.005820666688
4685	0.00581920356
4686	0.005818756885
4687	0.005817552962
4688	0.005817461862
4689	0.00581724439
4690	0.005817049065
4691	0.005816183454
4692	0.005816122114
4693	0.00581604076
4694	0.005816038071
4695	0.005814857486
4696	0.005813880579
4697	0.005813154924
4698	0.005812536716
4699	0.005811964468
4700	0.005810933398
4701	0.005810840954
4702	0.00581068748
4703	0.005810167813
4704	0.005809087595
4705	0.005808225728
4706	0.005807502242
4707	0.005807444684
4708	0.005807294286
4709	0.005806771412
4710	0.005806276145
4711	0.005806097531
4712	0.005806094516
4713	0.005805488736
4714	0.005804426717
4715	0.005804378227
4716	0.005803032283
4717	0.005802538381
4718	0.005801548227
4719	0.005801391446
4720	0.005801247699
4721	0.005801195315
4722	0.005800651162
4723	0.005800605896
4724	0.005800058431
4725	0.005800028198
4726	0.005799398569
4727	0.005799054749
4728	0.005798846361
4729	0.005798674119
4730	0.005798551484
4731	0.005797682872
4732	0.00579759735
4733	0.005796136192
4734	0.005795044535
4735	0.005793853173
4736	0.005793365794
4737	0.005792395186
4738	0.005792314682
4739	0.005792274032
4740	0.005792204361
4741	0.005791594007
4742	0.005791113714
4743	0.005790935176
4744	0.005790232303
4745	0.005790146138
4746	0.005789564649
4747	0.005788124773
4748	0.005787211974
4749	0.005786460105
4750	0.005785510142
4751	0.005784941
4752	0.005784804432
4753	0.005783364996
4754	0.005782909627
4755	0.005782869481
4756	0.005782832967
4757	0.005782039136
4758	0.005781096958
4759	0.005780975404
4760	0.005780022281
4761	0.005779488341
4762	0.005779334655
4763	0.005779277557
4764	0.005778873674
4765	0.005778855629
4766	0.005778417903
4767	0.00577804464
4768	0.005777541207
4769	0.005776843176
4770	0.005776683432
4771	0.005776216386
4772	0.005776202672
4773	0.005775699887
4774	0.005775555152
4775	0.005775507876
4776	0.005775331578
4777	0.005775287487
4778	0.005774412396
4779	0.005772602363
4780	0.005772524883
4781	0.005771523477
4782	0.00577133912
4783	0.005771309558
4784	0.005771277938
4785	0.005771031167
4786	0.005770476149
4787	0.00577032357
4788	0.005770226689
4789	0.005768671547
4790	0.005767503091
4791	0.005766946925
4792	0.005766927415
4793	0.005766912571
4794	0.00576690424
4795	0.005765822583
4796	0.005765645794
4797	0.005765041562
4798	0.005764713602
4799	0.005763671049
4800	0.005763537469
4801	0.005762979637
4802	0.005762430751
4803	0.005761112968
4804	0.005760467673
4805	0.00576026044
4806	0.005760110664
4807	0.00575989539
4808	0.005758071064
4809	0.005757048995
4810	0.005756981824
4811	0.005756612488
4812	0.005756460695
4813	0.005756065982
4814	0.005756052502
4815	0.005755886583
4816	0.005755450131
4817	0.005755212544
4818	0.005754779309
4819	0.005754385301
4820	0.005754082125
4821	0.005752948521
4822	0.005751518539
4823	0.005751318176
4824	0.005750162027
4825	0.005749249052
4826	0.005749139962
4827	0.005749013898
4828	0.005748990808
4829	0.005748774048
4830	0.005748657316
4831	0.005747723475
4832	0.005747664728
4833	0.005747058354
4834	0.005747032711
4835	0.005746574707
4836	0.005746544265
4837	0.005745927677
4838	0.00574583808
4839	0.005743655241
4840	0.005742161092
4841	0.005742102415
4842	0.005741365863
4843	0.005740351784
4844	0.005740317068
4845	0.005739665267
4846	0.005739121206
4847	0.0057385061
4848	0.005737839392
4849	0.005737350471
4850	0.005736221225
4851	0.005735494797
4852	0.005735409232
4853	0.005734866482
4854	0.005734272143
4855	0.005733588075
4856	0.005732618495
4857	0.005732515804
4858	0.0057312398
4859	0.005730015794
4860	0.00572990687
4861	0.005729449729
4862	0.005729095168
4863	0.005728802894
4864	0.005728768698
4865	0.005727671344
4866	0.005727052737
4867	0.005726418151
4868	0.005725790384
4869	0.005725105184
4870	0.005725079249
4871	0.005724166793
4872	0.005723455947
4873	0.005723379474
4874	0.005723228266
4875	0.00572294958
4876	0.005722226813
4877	0.005722168138
4878	0.005721541585
4879	0.005721092953
4880	0.005719828279
4881	0.005719636981
4882	0.005718626367
4883	0.005718600996
4884	0.005717994754
4885	0.005717017403
4886	0.005716321127
4887	0.005716165505
4888	0.005715403084
4889	0.005714778114
4890	0.005714775564
4891	0.005714683374
4892	0.005714553892
4893	0.005713651416
4894	0.005712522306
4895	0.005712395172
4896	0.005711645713
4897	0.005711472365
4898	0.005710516241
4899	0.005709862838
4900	0.005709785408
4901	0.005708752111
4902	0.005708714704
4903	0.005708515308
4904	0.005708456962
4905	0.005706583671
4906	0.005705957667
4907	0.005705498471
4908	0.005705414629
4909	0.005705397724
4910	0.005705343063
4911	0.005705195502
4912	0.005705080407
4913	0.00570320812
4914	0.005702923615
4915	0.005701992591
4916	0.005701326262
4917	0.005701227855
4918	0.005701005037
4919	0.005700936467
4920	0.005699524349
4921	0.005699012357
4922	0.005698648949
4923	0.005698595066
4924	0.005696931058
4925	0.005696833096
4926	0.005695887895
4927	0.005695353776
4928	0.005695300417
4929	0.005695114332
4930	0.005694784027
4931	0.005694732526
4932	0.005694658759
4933	0.005694106859
4934	0.005693257836
4935	0.00569284546
4936	0.005692085726
4937	0.005691799539
4938	0.005690709613
4939	0.005690186879
4940	0.005688767487
4941	0.005688452629
4942	0.005687223185
4943	0.005687221894
4944	0.005686890222
4945	0.005685337272
4946	0.005683857042
4947	0.005683266882
4948	0.005682818067
4949	0.005682772989
4950	0.005682715783
4951	0.005682224279
4952	0.005680943961
4953	0.005680834831
4954	0.005679615121
4955	0.005679445772
4956	0.005679239361
4957	0.005679096657
4958	0.005678841915
4959	0.005678609573
4960	0.005678131416
4961	0.00567763007
4962	0.005677025335
4963	0.005676518737
4964	0.005675719034
4965	0.005675606001
4966	0.005674846937
4967	0.005674765457
4968	0.005674762978
4969	0.005674595221
4970	0.005674535149
4971	0.005674510788
4972	0.00567415792
4973	0.005673872871
4974	0.005673751433
4975	0.005673499056
4976	0.005673428273
4977	0.005673399737
4978	0.005672297201
4979	0.005671352305
4980	0.005671331108
4981	0.005671262048
4982	0.005670744243
4983	0.00567064127
4984	0.005669327806
4985	0.005667788438
4986	0.005667758799
4987	0.005667679099
4988	0.005667453021
4989	0.005667372035
4990	0.005667350272
4991	0.005666846791
4992	0.005666812291
4993	0.005665617023
4994	0.005665614541
4995	0.005664750449
4996	0.005663837307
4997	0.005663697136
4998	0.005663182515
4999	0.00566262847
5000	0.005662598933
5001	0.00566113323
5002	0.005660178601
5003	0.00566006483
5004	0.005659853773
5005	0.00565963756
5006	0.005659225042
5007	0.005659162899
5008	0.005659107336
5009	0.005657984376
5010	0.005657370448
5011	0.005656780981
5012	0.005656762959
5013	0.00565645314
5014	0.005655846758
5015	0.005653800853
5016	0.005653748236
5017	0.005653745392
5018	0.005653048522
5019	0.005652778161
5020	0.005652750562
5021	0.005652662399
5022	0.00565250734
5023	0.005651877195
5024	0.005651633624
5025	0.00565100981
5026	0.005649635442
5027	0.005648704906
5028	0.005647907116
5029	0.005647879751
5030	0.005647798976
5031	0.005647480321
5032	0.00564709139
5033	0.005646397167
5034	0.005646252316
5035	0.005646250659
5036	0.005645969923
5037	0.005645856425
5038	0.005644713193
5039	0.005643986618
5040	0.00564392606
5041	0.005643609188
5042	0.005643501485
5043	0.005642851418
5044	0.00564206523
5045	0.005642002344
5046	0.005641705585
5047	0.005641018932
5048	0.005640414242
5049	0.005640393815
5050	0.005639865897
5051	0.005638989626
5052	0.005637858869
5053	0.005637845953
5054	0.005637364397
5055	0.005637283847
5056	0.005637170456
5057	0.005637014203
5058	0.005636661075
5059	0.005636488403
5060	0.005636474078
5061	0.005635806593
5062	0.005635009436
5063	0.005634704406
5064	0.005633266709
5065	0.005633173709
5066	0.005633110425
5067	0.005633056375
5068	0.005633034499
5069	0.005632063438
5070	0.005631919778
5071	0.005631867086
5072	0.005631840449
5073	0.005631438549
5074	0.005631033485
5075	0.00562934242
5076	0.005629044122
5077	0.005629024155
5078	0.005627698547
5079	0.005626890199
5080	0.005626140591
5081	0.005625598531
5082	0.005624725372
5083	0.005624311098
5084	0.005623597609
5085	0.005623506258
5086	0.005623399095
5087	0.005623203571
5088	0.005622906788
5089	0.005621844321
5090	0.005621784773
5091	0.005621708773
5092	0.005620495242
5093	0.005620351633
5094	0.005619026924
5095	0.005617961061
5096	0.005617689645
5097	0.005617148077
5098	0.005617068257
5099	0.005616517633
5100	0.005616123966
5101	0.00561610282
5102	0.005615967749
5103	0.005615905815
5104	0.005615627258
5105	0.005615074212
5106	0.005615048577
5107	0.005614906944
5108	0.005614716067
5109	0.005614549354
5110	0.005614233568
5111	0.005614038256
5112	0.005613215813
5113	0.005612851428
5114	0.005612427658
5115	0.005612294391
5116	0.005612261009
5117	0.005611833351
5118	0.005611797046
5119	0.005610772848
5120	0.00560972895
5121	0.005609635112
5122	0.005609536464
5123	0.005608807295
5124	0.005608000869
5125	0.005607462213
5126	0.00560635805
5127	0.00560603554
5128	0.005604223516
5129	0.005603545188
5130	0.005603396931
5131	0.005602834595
5132	0.005602793497
5133	0.005602143171
5134	0.005601979082
5135	0.005601740242
5136	0.005601026963
5137	0.005600995659
5138	0.005600096661
5139	0.0055996456
5140	0.00559860567
5141	0.005597860353
5142	0.005596666986
5143	0.005596114364
5144	0.005595092718
5145	0.005595043477
5146	0.005594395377
5147	0.005593577025
5148	0.005593262727
5149	0.005592911528
5150	0.00559265298
5151	0.005592521651
5152	0.005592352054
5153	0.005591829151
5154	0.005591361316
5155	0.005590690152
5156	0.005590202418
5157	0.005589397332
5158	0.005587708714
5159	0.005587700515
5160	0.005586616585
5161	0.005586461386
5162	0.005585728046
5163	0.005585648697
5164	0.005585288725
5165	0.005583822723
5166	0.005583123967
5167	0.005582133278
5168	0.005582113952
5169	0.00558155211
5170	0.005581484268
5171	0.005581395614
5172	0.005580997414
5173	0.005580334556
5174	0.00558030951
5175	0.00557998101
5176	0.005579580663
5177	0.00557950627
5178	0.005579379899
5179	0.005579358866
5180	0.00557849176
5181	0.005577425443
5182	0.005576067923
5183	0.005575524166
5184	0.005575209446
5185	0.005574516285
5186	0.005574417834
5187	0.005573869069
5188	0.005573505874
5189	0.005572901393
5190	0.005572822942
5191	0.005572135141
5192	0.005571941854
5193	0.005571873712
5194	0.005571853857
5195	0.005571805924
5196	0.005570715114
5197	0.005569971338
5198	0.005569520894
5199	0.005569368756
5200	0.005568126053
5201	0.005568113404
5202	0.00556806504
5203	0.005568033494
5204	0.005567460125
5205	0.005567451937
5206	0.005567426594
5207	0.005566641313
5208	0.005564917242
5209	0.0055648807
5210	0.005564789161
5211	0.005564357212
5212	0.005563580491
5213	0.005563452805
5214	0.005562730552
5215	0.005562019002
5216	0.005561298814
5217	0.005561280858
5218	0.005561062014
5219	0.005560922844
5220	0.005560740038
5221	0.005560129071
5222	0.005560039457
5223	0.005559582734
5224	0.005558717621
5225	0.005558120811
5226	0.005558032923
5227	0.005557916143
5228	0.005557436702
5229	0.005556379048
5230	0.00555631645
5231	0.0055562437
5232	0.00555597811
5233	0.005555961077
5234	0.005555000814
5235	0.00555496386
5236	0.005554673104
5237	0.005554569663
5238	0.0055539598
5239	0.005553620099
5240	0.005552921629
5241	0.00555233211
5242	0.005552093328
5243	0.005552068674
5244	0.005551930212
5245	0.00555135417
5246	0.005551278583
5247	0.005550887062
5248	0.005550853903
5249	0.005550437774
5250	0.005550260785
5251	0.005550173704
5252	0.005550137978
5253	0.005548997033
5254	0.005548611275
5255	0.005548461212
5256	0.005547597945
5257	0.005547520627
5258	0.005546923145
5259	0.005545950968
5260	0.005545397639
5261	0.005545254801
5262	0.005544076591
5263	0.005543454581
5264	0.005543025459
5265	0.00554296004
5266	0.005542935734
5267	0.005542833816
5268	0.005542170725
5269	0.005542087853
5270	0.005541601814
5271	0.00554121675
5272	0.005540981517
5273	0.005540286367
5274	0.005540096695
5275	0.005539878638
5276	0.005539435446
5277	0.005538735418
5278	0.005537547039
5279	0.005537398512
5280	0.005536887433
5281	0.005536483393
5282	0.005536213931
5283	0.005534165289
5284	0.005533266368
5285	0.005533246207
5286	0.005532435611
5287	0.005532007606
5288	0.00553184329
5289	0.005531642212
5290	0.005531358573
5291	0.005531009896
5292	0.005529529605
5293	0.005529228015
5294	0.005527882631
5295	0.005527221337
5296	0.00552632744
5297	0.005525461844
5298	0.005525364317
5299	0.005525324558
5300	0.005525062348
5301	0.005524125774
5302	0.005524054054
5303	0.005524038073
5304	0.005523909037
5305	0.005523896929
5306	0.005523820609
5307	0.005523541426
5308	0.005523261121
5309	0.005523215716
5310	0.005522209999
5311	0.005521097876
5312	0.005520963168
5313	0.005520504065
5314	0.005520381218
5315	0.00551955497
5316	0.005519167444
5317	0.005517828258
5318	0.005516876043
5319	0.005516307012
5320	0.005515213337
5321	0.005514405739
5322	0.005512951319
5323	0.005512707487
5324	0.005512204737
5325	0.005512147671
5326	0.005511676845
5327	0.005511483576
5328	0.00551050288
5329	0.005510409953
5330	0.005510286456
5331	0.005510033065
5332	0.005509662647
5333	0.005509580171
5334	0.005508845159
5335	0.005507917087
5336	0.005507533298
5337	0.005506943528
5338	0.005506834784
5339	0.005506647266
5340	0.005506160213
5341	0.00550510836
5342	0.005504909976
5343	0.005504544829
5344	0.005504489556
5345	0.005504481571
5346	0.005504389796
5347	0.005503801053
5348	0.005503301693
5349	0.005503269017
5350	0.005503003184
5351	0.005502511858
5352	0.005501677816
5353	0.005501590049
5354	0.00550135387
5355	0.005501031885
5356	0.005500956622
5357	0.005500628186
5358	0.005499956785
5359	0.005499830885
5360	0.005499090597
5361	0.005498814228
5362	0.005497558756
5363	0.005496903659
5364	0.005496050463
5365	0.005495390364
5366	0.005493521252
5367	0.005493491767
5368	0.00549248897
5369	0.0054924151
5370	0.005491965031
5371	0.005491699448
5372	0.005491113017
5373	0.005490604482
5374	0.005489728612
5375	0.005489538572
5376	0.005488769979
5377	0.005488339092
5378	0.005487963413
5379	0.005487276667
5380	0.005487240802
5381	0.005486816044
5382	0.005486788483
5383	0.005486616717
5384	0.005486425504
5385	0.00548580439
5386	0.005484968121
5387	0.005484773041
5388	0.005483550259
5389	0.005483262413
5390	0.005483001365
5391	0.005482946397
5392	0.0054823536
5393	0.005482074629
5394	0.005480813658
5395	0.005480525563
5396	0.005480076395
5397	0.005478979643
5398	0.005477695832
5399	0.005477306164
5400	0.005476496402
5401	0.005476206913
5402	0.005475856505
5403	0.005475468983
5404	0.00547536007
5405	0.00547534095
5406	0.005474683893
5407	0.005474501589
5408	0.005473439932
5409	0.005473354555
5410	0.005473166981
5411	0.005472804402
5412	0.005471977773
5413	0.005471306278
5414	0.005470237119
5415	0.00547014702
5416	0.005469504093
5417	0.005468836436
5418	0.005467801986
5419	0.005467313579
5420	0.005466302155
5421	0.005465821617
5422	0.005465096336
5423	0.005464504811
5424	0.005464058203
5425	0.005463851632
5426	0.005463817161
5427	0.005462953185
5428	0.005462775272
5429	0.005462720475
5430	0.005461987525
5431	0.005461301147
5432	0.005461240456
5433	0.005460993861
5434	0.005460682398
5435	0.00545978642
5436	0.005459610251
5437	0.00545940805
5438	0.00545928706
5439	0.005458454722
5440	0.005458041324
5441	0.005457405447
5442	0.005456952544
5443	0.005455876686
5444	0.005455619542
5445	0.005455594067
5446	0.005455491565
5447	0.005455325447
5448	0.005454604844
5449	0.005453732181
5450	0.005453153926
5451	0.00545226609
5452	0.005452162179
5453	0.005452053964
5454	0.005451677154
5455	0.005451388803
5456	0.005450807952
5457	0.005450334882
5458	0.005449156125
5459	0.005449087892
5460	0.005449075122
5461	0.00544893227
5462	0.005448635923
5463	0.005448108152
5464	0.00544697457
5465	0.005446831735
5466	0.005445814977
5467	0.005444797995
5468	0.005444758978
5469	0.005444079033
5470	0.00544360014
5471	0.005443291983
5472	0.005442313967
5473	0.0054422164
5474	0.005441714462
5475	0.005441055024
5476	0.005440494303
5477	0.005439698304
5478	0.005439154178
5479	0.005439134573
5480	0.005438272499
5481	0.005437672379
5482	0.005437496118
5483	0.005436269564
5484	0.005436212543
5485	0.005434769682
5486	0.00543466718
5487	0.005433805137
5488	0.005433332733
5489	0.005432828218
5490	0.005431812378
5491	0.005431711301
5492	0.005431313905
5493	0.005431026257
5494	0.005430756123
5495	0.005429605656
5496	0.005429121083
5497	0.00542904162
5498	0.005428276507
5499	0.005427760477
5500	0.005427039065
5501	0.005426549582
5502	0.005426524189
5503	0.005425427889
5504	0.00542514197
5505	0.005424967324
5506	0.005424654006
5507	0.005424148531
5508	0.005422706128
5509	0.005422119113
5510	0.005421568467
5511	0.0054205683
5512	0.005420546539
5513	0.005419246492
5514	0.005419235347
5515	0.005419163589
5516	0.005418584024
5517	0.005417513003
5518	0.005417442909
5519	0.005417302103
5520	0.00541631361
5521	0.005416261095
5522	0.0054162435
5523	0.005415658231
5524	0.005415057107
5525	0.005414422654
5526	0.005413328602
5527	0.005412218688
5528	0.005412196971
5529	0.005410971081
5530	0.005410829142
5531	0.005410514796
5532	0.005410400465
5533	0.00540967259
5534	0.005409181695
5535	0.005409180304
5536	0.005407640076
5537	0.005407593723
5538	0.005407221671
5539	0.00540672797
5540	0.005405410865
5541	0.005405391715
5542	0.005405151514
5543	0.005404890336
5544	0.005404769985
5545	0.005404735603
5546	0.005403793044
5547	0.005403768605
5548	0.005403420268
5549	0.005402466699
5550	0.005402437677
5551	0.005401877556
5552	0.005401514603
5553	0.005400845109
5554	0.005400446411
5555	0.00539986055
5556	0.005399545427
5557	0.005399465463
5558	0.005398324308
5559	0.005397336864
5560	0.005396841797
5561	0.005395753386
5562	0.005395703493
5563	0.00539549435
5564	0.005395459573
5565	0.005395032862
5566	0.005394394017
5567	0.005394347231
5568	0.005394318513
5569	0.00539368628
5570	0.005393318379
5571	0.005392953242
5572	0.005392932487
5573	0.005392424285
5574	0.00539229164
5575	0.005391781576
5576	0.005391779318
5577	0.005391543444
5578	0.005390709435
5579	0.005390707179
5580	0.005390614581
5581	0.005390568382
5582	0.005390029742
5583	0.005389545199
5584	0.005389272187
5585	0.005388781773
5586	0.005388769416
5587	0.005388297458
5588	0.005387833066
5589	0.0053876682
5590	0.005387596898
5591	0.005387504742
5592	0.005387102485
5593	0.005386202323
5594	0.005386158578
5595	0.005385725445
5596	0.005385010991
5597	0.005384604994
5598	0.005383762531
5599	0.005383751094
5600	0.005383261715
5601	0.005382980556
5602	0.005382886675
5603	0.005382454782
5604	0.00538190736
5605	0.005381704169
5606	0.005381506081
5607	0.00538099139
5608	0.005380542725
5609	0.00537889405
5610	0.00537877388
5611	0.00537836274
5612	0.005378224816
5613	0.005378223569
5614	0.005378185511
5615	0.005378155326
5616	0.005377335919
5617	0.005377125698
5618	0.005376304208
5619	0.005375515955
5620	0.005373690371
5621	0.005373286171
5622	0.005372312581
5623	0.005371955972
5624	0.005371939499
5625	0.005371394759
5626	0.005370844328
5627	0.005370079298
5628	0.005368920771
5629	0.00536837819
5630	0.005368366026
5631	0.005367665154
5632	0.005367519748
5633	0.005366457243
5634	0.005366406761
5635	0.005366128397
5636	0.005365771846
5637	0.00536563216
5638	0.005365012347
5639	0.005363865546
5640	0.005363133268
5641	0.005363054401
5642	0.005362636176
5643	0.005361378689
5644	0.005361358588
5645	0.005360467471
5646	0.005359932192
5647	0.00535941568
5648	0.005358240166
5649	0.005357245478
5650	0.005356659194
5651	0.005356123272
5652	0.00535532273
5653	0.005354160617
5654	0.005353602465
5655	0.005353081819
5656	0.005353037677
5657	0.005352984979
5658	0.005352900844
5659	0.005352882938
5660	0.005352219575
5661	0.00535117487
5662	0.005350997593
5663	0.005350889259
5664	0.005350125294
5665	0.005349783484
5666	0.005349693146
5667	0.005349525048
5668	0.005348988896
5669	0.005348040978
5670	0.005347231966
5671	0.00534611923
5672	0.005345035615
5673	0.005344258996
5674	0.005343760866
5675	0.005343549342
5676	0.005343118319
5677	0.005343093744
5678	0.005343075901
5679	0.005343056216
5680	0.005341918108
5681	0.005341786342
5682	0.005340860769
5683	0.005340562766
5684	0.00533987264
5685	0.005339480656
5686	0.005339355678
5687	0.005339344638
5688	0.005338934481
5689	0.005338552187
5690	0.005337666291
5691	0.005336806301
5692	0.005336656318
5693	0.005336259763
5694	0.00533562569
5695	0.005334736162
5696	0.005334650258
5697	0.005334187116
5698	0.005333290658
5699	0.005331910769
5700	0.005331748007
5701	0.005330862113
5702	0.005330376408
5703	0.005329625431
5704	0.005329563543
5705	0.005328999098
5706	0.005328982726
5707	0.00532788455
5708	0.005327873346
5709	0.005327386983
5710	0.005327211817
5711	0.005326843147
5712	0.00532677444
5713	0.005325808459
5714	0.005325376477
5715	0.005325263538
5716	0.005325233536
5717	0.005324758545
5718	0.00532452282
5719	0.005324019441
5720	0.005323409032
5721	0.005322419024
5722	0.005321886584
5723	0.005321240767
5724	0.005320282925
5725	0.005319573717
5726	0.005318790614
5727	0.005318126501
5728	0.005317084763
5729	0.005316430607
5730	0.005315773743
5731	0.005315237026
5732	0.005314608759
5733	0.005314206055
5734	0.005313860871
5735	0.005312853209
5736	0.005312696821
5737	0.005311931606
5738	0.005311508138
5739	0.005311165337
5740	0.005311145437
5741	0.005309908681
5742	0.005308997278
5743	0.005307221337
5744	0.005307172304
5745	0.005306997577
5746	0.005305434385
5747	0.005304845798
5748	0.00530410573
5749	0.005303125481
5750	0.005302885248
5751	0.005302443766
5752	0.005301768293
5753	0.005300612092
5754	0.005300414296
5755	0.005299762231
5756	0.005299714451
5757	0.005299630954
5758	0.005299052329
5759	0.005298158626
5760	0.005297935831
5761	0.005297152136
5762	0.005297070574
5763	0.005296099182
5764	0.005295319956
5765	0.005294962731
5766	0.005294495899
5767	0.005294401238
5768	0.005294045016
5769	0.005294027726
5770	0.005293996019
5771	0.005293209663
5772	0.005292690641
5773	0.005292666972
5774	0.005291418452
5775	0.005289277875
5776	0.005289190006
5777	0.005288807636
5778	0.0052884156
5779	0.005287740722
5780	0.005287041347
5781	0.00528623261
5782	0.005285942607
5783	0.005285852698
5784	0.005285494919
5785	0.005284193298
5786	0.005284186382
5787	0.005284157731
5788	0.00528363865
5789	0.0052835498
5790	0.005283267807
5791	0.005283255916
5792	0.005283168231
5793	0.005282233175
5794	0.005282056764
5795	0.005281668461
5796	0.005281147988
5797	0.005281127767
5798	0.005280808413
5799	0.005280141545
5800	0.00527978798
5801	0.005279601391
5802	0.005278905066
5803	0.005278069811
5804	0.005278063004
5805	0.005277976869
5806	0.005277859234
5807	0.005277843053
5808	0.005276999831
5809	0.005276364117
5810	0.005275399425
5811	0.005275374322
5812	0.005275308137
5813	0.005275225151
5814	0.005275128577
5815	0.005274515483
5816	0.00527432902
5817	0.005273721547
5818	0.005273435483
5819	0.005273356753
5820	0.00527335001
5821	0.005272506543
5822	0.005272315582
5823	0.005271725874
5824	0.005271177927
5825	0.005270175383
5826	0.005270128565
5827	0.005269784271
5828	0.005269491357
5829	0.005269429066
5830	0.005269105526
5831	0.005268712791
5832	0.005268693124
5833	0.005268057107
5834	0.00526697513
5835	0.005266096422
5836	0.005265368759
5837	0.005265281231
5838	0.005265038278
5839	0.005264482123
5840	0.00526362143
5841	0.005263568429
5842	0.005263425033
5843	0.005262671884
5844	0.005261616317
5845	0.005259894074
5846	0.005259736059
5847	0.005259318576
5848	0.005258869296
5849	0.005258191911
5850	0.00525802876
5851	0.005257695734
5852	0.005257668017
5853	0.005257395891
5854	0.005257320316
5855	0.005256426679
5856	0.005256087266
5857	0.005255576223
5858	0.005254719394
5859	0.005253142609
5860	0.005252952109
5861	0.00525222959
5862	0.005251671367
5863	0.005251194295
5864	0.005250791023
5865	0.005250284444
5866	0.005248988455
5867	0.005248796275
5868	0.005248338264
5869	0.005248105245
5870	0.005247730605
5871	0.00524734232
5872	0.005246712157
5873	0.005245119414
5874	0.005245038334
5875	0.00524497309
5876	0.005244855182
5877	0.005244780992
5878	0.00524476939
5879	0.005243927738
5880	0.005243698633
5881	0.005243663657
5882	0.005243097365
5883	0.005242654584
5884	0.005242577954
5885	0.005242112719
5886	0.005241465024
5887	0.00524076498
5888	0.005240739541
5889	0.00524039193
5890	0.00524029638
5891	0.005239985028
5892	0.005239353086
5893	0.005238405102
5894	0.005238000852
5895	0.005237750534
5896	0.005237622032
5897	0.005236878027
5898	0.005236635089
5899	0.005236035252
5900	0.005235989838
5901	0.005235649315
5902	0.005235551234
5903	0.005234922617
5904	0.005234527638
5905	0.005233896077
5906	0.005233024153
5907	0.005232501111
5908	0.005231685331
5909	0.005231609445
5910	0.005231439774
5911	0.005231412708
5912	0.005230964495
5913	0.005230825661
5914	0.005230747768
5915	0.005230226794
5916	0.00522972685
5917	0.005229463983
5918	0.005228352915
5919	0.005228039515
5920	0.005227498664
5921	0.005226970089
5922	0.005225285699
5923	0.005225144988
5924	0.005224347758
5925	0.00522352792
5926	0.005223511662
5927	0.005223281293
5928	0.00522207995
5929	0.005221094978
5930	0.005220527083
5931	0.005220384979
5932	0.005219738167
5933	0.005219714578
5934	0.005219096459
5935	0.005218662601
5936	0.005218646516
5937	0.0052181053
5938	0.005218026513
5939	0.005217744917
5940	0.00521722265
5941	0.005216578007
5942	0.005216144198
5943	0.005215739958
5944	0.005214647799
5945	0.005214440575
5946	0.00521405745
5947	0.005213864811
5948	0.005213715138
5949	0.005212939551
5950	0.005212779296
5951	0.005212418917
5952	0.005212198258
5953	0.005211627858
5954	0.005209724684
5955	0.005209499458
5956	0.005209123238
5957	0.005209119544
5958	0.005208653824
5959	0.005208237722
5960	0.005207524756
5961	0.005207237945
5962	0.005207157954
5963	0.005206566057
5964	0.005204888486
5965	0.005204837024
5966	0.005204231662
5967	0.00520390233
5968	0.005203203902
5969	0.0052015536
5970	0.005201071582
5971	0.005200756315
5972	0.00520005222
5973	0.005200048496
5974	0.005200041936
5975	0.005199384962
5976	0.005198315353
5977	0.005197949322
5978	0.005197786299
5979	0.005197241561
5980	0.005196467564
5981	0.005195799842
5982	0.005195738654
5983	0.005194714563
5984	0.005194638578
5985	0.005193899832
5986	0.005193525858
5987	0.005193340386
5988	0.005193100475
5989	0.005192239499
5990	0.005191032868
5991	0.005190451887
5992	0.005190170787
5993	0.005189478803
5994	0.005188978986
5995	0.005188781998
5996	0.005188312106
5997	0.005187885137
5998	0.005187171912
5999	0.005187153508
6000	0.005186730323
6001	0.00518622307
6002	0.005185968027
6003	0.005185939965
6004	0.005185730388
6005	0.005184806835
6006	0.005184401294
6007	0.005184026819
6008	0.005183997686
6009	0.005183341343
6010	0.005182935229
6011	0.005182664391
6012	0.005182369167
6013	0.005182306473
6014	0.005181026881
6015	0.005180949384
6016	0.005180528325
6017	0.005180248213
6018	0.005179351489
6019	0.005179323895
6020	0.005178844053
6021	0.005178292561
6022	0.005177952617
6023	0.005177867869
6024	0.005177371872
6025	0.005176990699
6026	0.005176122352
6027	0.005175854458
6028	0.005175660697
6029	0.005175391223
6030	0.005174433388
6031	0.005174163963
6032	0.005173466475
6033	0.005172937133
6034	0.005172844386
6035	0.005172450452
6036	0.005171956527
6037	0.005171635583
6038	0.005171558874
6039	0.00517135141
6040	0.005171273573
6041	0.00517119702
6042	0.005170488161
6043	0.005170456218
6044	0.00516960965
6045	0.005167960502
6046	0.005167569294
6047	0.005166735588
6048	0.005166721782
6049	0.00516630084
6050	0.005165669332
6051	0.005165314818
6052	0.005165239009
6053	0.005165109829
6054	0.005164730062
6055	0.005164588033
6056	0.005164493963
6057	0.005164431839
6058	0.005164425215
6059	0.005163754544
6060	0.00516374395
6061	0.005163272735
6062	0.005162320091
6063	0.00516087272
6064	0.00516085663
6065	0.005160556994
6066	0.005160482816
6067	0.005159936611
6068	0.00515901108
6069	0.005158335221
6070	0.005158094659
6071	0.005158017071
6072	0.005157760971
6073	0.005157463459
6074	0.005157330261
6075	0.005156656666
6076	0.005156579162
6077	0.005156053829
6078	0.005155619963
6079	0.005155387107
6080	0.005155143677
6081	0.00515493722
6082	0.005154729189
6083	0.005154162171
6084	0.005153631279
6085	0.005153191683
6086	0.005152595918
6087	0.005151964072
6088	0.005151841755
6089	0.005151462583
6090	0.005151189255
6091	0.005150781644
6092	0.005150392433
6093	0.005149564153
6094	0.005148788063
6095	0.005148196877
6096	0.005148068497
6097	0.005147915276
6098	0.005146947967
6099	0.00514649224
6100	0.005145706359
6101	0.005144650849
6102	0.00514437345
6103	0.005143898709
6104	0.005143006675
6105	0.005142339364
6106	0.005142294023
6107	0.005141740227
6108	0.005141204455
6109	0.005140704224
6110	0.005140030922
6111	0.005139997514
6112	0.005139010123
6113	0.00513806375
6114	0.005136959908
6115	0.00513695322
6116	0.00513691894
6117	0.005136419258
6118	0.005135773126
6119	0.005135272505
6120	0.005134805231
6121	0.00513412657
6122	0.005134003289
6123	0.005133853624
6124	0.005133376867
6125	0.005133111902
6126	0.005132334918
6127	0.005132082826
6128	0.005131257087
6129	0.00513104728
6130	0.00513070588
6131	0.00512909986
6132	0.005128499192
6133	0.005128375799
6134	0.005127615307
6135	0.005127581436
6136	0.005127154814
6137	0.005126875146
6138	0.00512611744
6139	0.005126028085
6140	0.005125606285
6141	0.005125118616
6142	0.005124596735
6143	0.005124571516
6144	0.005124182984
6145	0.005122355885
6146	0.005121546203
6147	0.005121368612
6148	0.005120878773
6149	0.005120104712
6150	0.005120028846
6151	0.005119882699
6152	0.005119412436
6153	0.005119342587
6154	0.005118854501
6155	0.005118589214
6156	0.005118196065
6157	0.005117810509
6158	0.00511765202
6159	0.005117412976
6160	0.005117325839
6161	0.005116769382
6162	0.005116126104
6163	0.005115899688
6164	0.005115742637
6165	0.005115125957
6166	0.005114988549
6167	0.005114986457
6168	0.005114283127
6169	0.005113700844
6170	0.005112929302
6171	0.005112282798
6172	0.005111804529
6173	0.005110308306
6174	0.00510965433
6175	0.005109099042
6176	0.005108395262
6177	0.005108019575
6178	0.00510725976
6179	0.005106979199
6180	0.005106637345
6181	0.005105465795
6182	0.005105259651
6183	0.005104646511
6184	0.005104406857
6185	0.005103830069
6186	0.00510380442
6187	0.005103237789
6188	0.005102753043
6189	0.005102509821
6190	0.005102112512
6191	0.00510191032
6192	0.005101580194
6193	0.005101474494
6194	0.005101164984
6195	0.005100958458
6196	0.005100916062
6197	0.005100382412
6198	0.005099643117
6199	0.005099315018
6200	0.005099227288
6201	0.005098763662
6202	0.005098683658
6203	0.005098569375
6204	0.005097838664
6205	0.005096896188
6206	0.00509601935
6207	0.005095359184
6208	0.005094937954
6209	0.005094563081
6210	0.005093438448
6211	0.00509273319
6212	0.005092135801
6213	0.005090859414
6214	0.00509079815
6215	0.005090140948
6216	0.0050901307
6217	0.005089300337
6218	0.005089241597
6219	0.005088763474
6220	0.005088482665
6221	0.005087940761
6222	0.005086787557
6223	0.005086565885
6224	0.005085915297
6225	0.005085261694
6226	0.005084984052
6227	0.005084498219
6228	0.005084052612
6229	0.005083277247
6230	0.005082469793
6231	0.005082077749
6232	0.005081927852
6233	0.005081414279
6234	0.005080447016
6235	0.005080056899
6236	0.005079539793
6237	0.005079411066
6238	0.005078544658
6239	0.005077976405
6240	0.005077863532
6241	0.005077143355
6242	0.005076962402
6243	0.005076402956
6244	0.005076127406
6245	0.005075894779
6246	0.005075833111
6247	0.005075815818
6248	0.005075744121
6249	0.00507562749
6250	0.005075278084
6251	0.005074788442
6252	0.005074318817
6253	0.005073752383
6254	0.005073684997
6255	0.005073449531
6256	0.005072920033
6257	0.005072842297
6258	0.005072612983
6259	0.005071645274
6260	0.005070433984
6261	0.005070214762
6262	0.005069465043
6263	0.005069122304
6264	0.005068921101
6265	0.005068879888
6266	0.005067607254
6267	0.005066995687
6268	0.005066175685
6269	0.005065619735
6270	0.005065314156
6271	0.005064741493
6272	0.005064622908
6273	0.005064536312
6274	0.005064513839
6275	0.005064190671
6276	0.005063688183
6277	0.005063669023
6278	0.005063584721
6279	0.005062884706
6280	0.005062204998
6281	0.005062119549
6282	0.00506151403
6283	0.005061290819
6284	0.005060697174
6285	0.005060171516
6286	0.005059866761
6287	0.005059752448
6288	0.005059366108
6289	0.005058818333
6290	0.00505797073
6291	0.005057082433
6292	0.005056183821
6293	0.005056177837
6294	0.005056098797
6295	0.005055557971
6296	0.005055543622
6297	0.00505542623
6298	0.005055071384
6299	0.005054209172
6300	0.005054140333
6301	0.00505406769
6302	0.005053811454
6303	0.005053751825
6304	0.005053302291
6305	0.005052850573
6306	0.005052018701
6307	0.005051947111
6308	0.005051900978
6309	0.005051699539
6310	0.005051174704
6311	0.005050851204
6312	0.005049785517
6313	0.00504966474
6314	0.005049043941
6315	0.005048825078
6316	0.005048579829
6317	0.005048407304
6318	0.005047864738
6319	0.005047085172
6320	0.005046949818
6321	0.005046060582
6322	0.005045974442
6323	0.005045901193
6324	0.00504588872
6325	0.005045872551
6326	0.005045858619
6327	0.005045717296
6328	0.005045145105
6329	0.005044824421
6330	0.00504424499
6331	0.005043844731
6332	0.005043691756
6333	0.005043614434
6334	0.005043418265
6335	0.005043402166
6336	0.005043320279
6337	0.00504308197
6338	0.005042709427
6339	0.005042637284
6340	0.005042201659
6341	0.005042162749
6342	0.005042103802
6343	0.005041867717
6344	0.005041719602
6345	0.005041052801
6346	0.005040631962
6347	0.005040623103
6348	0.005040485969
6349	0.005039582088
6350	0.005039192908
6351	0.005038955397
6352	0.005038790015
6353	0.005038197073
6354	0.005037719477
6355	0.005037331256
6356	0.005037277289
6357	0.005036930562
6358	0.005036638787
6359	0.005036026537
6360	0.005035728861
6361	0.00503523556
6362	0.005034713069
6363	0.005034153175
6364	0.005034004618
6365	0.005032757773
6366	0.005032153995
6367	0.005031911608
6368	0.005031483021
6369	0.0050308662
6370	0.005030391013
6371	0.005030104769
6372	0.005029734617
6373	0.005029434358
6374	0.005029413204
6375	0.005028750033
6376	0.005028748677
6377	0.005028620204
6378	0.005028394552
6379	0.005027470454
6380	0.005027229286
6381	0.005026241951
6382	0.005026070389
6383	0.005026052372
6384	0.005025906713
6385	0.005025763489
6386	0.005025557893
6387	0.005025258921
6388	0.005024725685
6389	0.005024450404
6390	0.005024305137
6391	0.005024228851
6392	0.005022983816
6393	0.00502256019
6394	0.00502220305
6395	0.005022195719
6396	0.005021981734
6397	0.005021638924
6398	0.005021530144
6399	0.005021059288
6400	0.00502083451
6401	0.005020609078
6402	0.005020290796
6403	0.005019929531
6404	0.005019572928
6405	0.005018616279
6406	0.005018076477
6407	0.005018045833
6408	0.005017394038
6409	0.005016797739
6410	0.005015674081
6411	0.005015631937
6412	0.005015266573
6413	0.00501476794
6414	0.005014687753
6415	0.005014574599
6416	0.005014437726
6417	0.005013577549
6418	0.005013455432
6419	0.005013126645
6420	0.005013055751
6421	0.005012339653
6422	0.005012057281
6423	0.005011902233
6424	0.005011896682
6425	0.005010931562
6426	0.005010593056
6427	0.0050093845
6428	0.005008089724
6429	0.005007869843
6430	0.005007795755
6431	0.005007674014
6432	0.005007627058
6433	0.005007171193
6434	0.005006798048
6435	0.005006649279
6436	0.005006465327
6437	0.005006331318
6438	0.005006162224
6439	0.005005734679
6440	0.005004923803
6441	0.005004378537
6442	0.005004118676
6443	0.005003721546
6444	0.005003516458
6445	0.005003144465
6446	0.005003111227
6447	0.005003014067
6448	0.005002640716
6449	0.005002634284
6450	0.005002406843
6451	0.005001299972
6452	0.005000419204
6453	0.005000327947
6454	0.004999942566
6455	0.004999127148
6456	0.004998636366
6457	0.004998417411
6458	0.004997947259
6459	0.00499789756
6460	0.004997163616
6461	0.004997149646
6462	0.004996932833
6463	0.004996546996
6464	0.004995721182
6465	0.004995627521
6466	0.004995459081
6467	0.004994787126
6468	0.004994780672
6469	0.004994656849
6470	0.004993948424
6471	0.00499354572
6472	0.004993432299
6473	0.004992769444
6474	0.004992755519
6475	0.004992738466
6476	0.004992343816
6477	0.004991836159
6478	0.004991240244
6479	0.004990982896
6480	0.004990932965
6481	0.004990277947
6482	0.004989166093
6483	0.004989097014
6484	0.004988984113
6485	0.00498861756
6486	0.004988050737
6487	0.004987888631
6488	0.004987160409
6489	0.004986645428
6490	0.004986068268
6491	0.004985736761
6492	0.004985298638
6493	0.004985277138
6494	0.004984727626
6495	0.004984565606
6496	0.004984044617
6497	0.004983940944
6498	0.004983715179
6499	0.004983650461
6500	0.004983612492
6501	0.004983531056
6502	0.004982361157
6503	0.004981553606
6504	0.004980783851
6505	0.004980293431
6506	0.004980224393
6507	0.004979255926
6508	0.00497863496
6509	0.004978300997
6510	0.004977943107
6511	0.004977860125
6512	0.004977653326
6513	0.004977206275
6514	0.004977132351
6515	0.00497668417
6516	0.004976518866
6517	0.004976250445
6518	0.004975743019
6519	0.0049754017
6520	0.004975355306
6521	0.004974375058
6522	0.004974293094
6523	0.004974255542
6524	0.004973514744
6525	0.004973368059
6526	0.004973091091
6527	0.004973081078
6528	0.004972411616
6529	0.004972153811
6530	0.00497166354
6531	0.004971425952
6532	0.004970778874
6533	0.004969927038
6534	0.0049696327
6535	0.004969334308
6536	0.004969054165
6537	0.00496880603
6538	0.00496874071
6539	0.004967681374
6540	0.004967364799
6541	0.004966622771
6542	0.004965813764
6543	0.0049656148
6544	0.00496553508
6545	0.004964880692
6546	0.004964682397
6547	0.004964187998
6548	0.004963802787
6549	0.004963772458
6550	0.004963286185
6551	0.004963251573
6552	0.004962911332
6553	0.004962793426
6554	0.004962550066
6555	0.004962494626
6556	0.004962399554
6557	0.004961436993
6558	0.004961372064
6559	0.004960741065
6560	0.004959482943
6561	0.004959436855
6562	0.004958920856
6563	0.004958551171
6564	0.004958470212
6565	0.004958090006
6566	0.004957347826
6567	0.00495669927
6568	0.004956664451
6569	0.004956611326
6570	0.004956177076
6571	0.004956040588
6572	0.004955855222
6573	0.004955250823
6574	0.004955075202
6575	0.004954698736
6576	0.004954430072
6577	0.004954289977
6578	0.004953758851
6579	0.004953189159
6580	0.004952983983
6581	0.004952954065
6582	0.004952297913
6583	0.004952141114
6584	0.004951810544
6585	0.004951705503
6586	0.00495155755
6587	0.004951503796
6588	0.004951454012
6589	0.004951344783
6590	0.004951045923
6591	0.00495070322
6592	0.004950672712
6593	0.004950631934
6594	0.00495059533
6595	0.004949694894
6596	0.004949685934
6597	0.004949277188
6598	0.004949011043
6599	0.004948801
6600	0.004948745848
6601	0.004948237094
6602	0.004947506197
6603	0.004947401636
6604	0.004947367659
6605	0.004946279346
6606	0.004945763328
6607	0.004945194181
6608	0.004944731062
6609	0.004943909011
6610	0.00494323647
6611	0.004942996417
6612	0.004942720559
6613	0.004942646932
6614	0.004942516709
6615	0.004942066927
6616	0.004941931363
6617	0.004941765804
6618	0.004941246971
6619	0.004940729664
6620	0.004940420501
6621	0.004940119578
6622	0.004939650737
6623	0.004939515754
6624	0.004939432834
6625	0.004938712599
6626	0.004938395642
6627	0.004938127075
6628	0.004937661398
6629	0.004937027133
6630	0.004936958758
6631	0.004936364271
6632	0.004936047822
6633	0.0049358193
6634	0.004934360167
6635	0.004933756955
6636	0.004932927486
6637	0.004932147172
6638	0.004931774295
6639	0.004931368097
6640	0.004930776548
6641	0.004930484513
6642	0.004930373398
6643	0.00492987787
6644	0.004929738648
6645	0.004929526918
6646	0.004929393116
6647	0.004929076791
6648	0.004928975349
6649	0.004928764937
6650	0.004928094785
6651	0.004927271395
6652	0.004927261277
6653	0.004927231235
6654	0.004926014771
6655	0.004925400723
6656	0.004925193854
6657	0.004925080375
6658	0.004924353852
6659	0.004924214783
6660	0.00492396732
6661	0.00492372426
6662	0.0049236431
6663	0.004922424278
6664	0.004922159502
6665	0.004921888762
6666	0.00492149914
6667	0.004921312595
6668	0.004920945408
6669	0.004919886446
6670	0.004919350418
6671	0.004918892012
6672	0.004918371632
6673	0.004918128641
6674	0.004918065482
6675	0.004917673709
6676	0.004917654452
6677	0.00491713218
6678	0.004916066183
6679	0.004915000459
6680	0.004914596286
6681	0.004914591901
6682	0.004914589302
6683	0.004914546531
6684	0.004914075381
6685	0.004913579252
6686	0.004913060321
6687	0.004912478863
6688	0.004911658728
6689	0.004911653766
6690	0.004911375826
6691	0.00491086224
6692	0.004910847189
6693	0.004910840727
6694	0.004910670299
6695	0.004910315941
6696	0.004910181342
6697	0.004910104658
6698	0.00490979418
6699	0.004909762078
6700	0.004909107613
6701	0.004908726166
6702	0.004908004862
6703	0.004907429884
6704	0.004906873084
6705	0.004906697356
6706	0.004906112845
6707	0.004905374179
6708	0.004905292706
6709	0.004905150991
6710	0.004905036381
6711	0.00490470404
6712	0.004904373137
6713	0.004904208602
6714	0.004903500671
6715	0.004902640051
6716	0.004901750149
6717	0.004901696862
6718	0.004901546828
6719	0.004901531904
6720	0.00490076604
6721	0.00490019356
6722	0.004900131639
6723	0.00489930909
6724	0.004898346492
6725	0.004898240238
6726	0.00489789772
6727	0.004897219424
6728	0.004897152111
6729	0.004896638387
6730	0.004896555919
6731	0.004896394718
6732	0.004896321998
6733	0.004896107193
6734	0.004894891645
6735	0.004894422756
6736	0.004894047689
6737	0.004893780729
6738	0.004893463163
6739	0.004892512756
6740	0.0048923197
6741	0.004892054892
6742	0.004891126694
6743	0.004891059899
6744	0.004891029641
6745	0.004890600436
6746	0.004889674849
6747	0.00488931953
6748	0.004889123246
6749	0.004888733128
6750	0.004888566136
6751	0.004888256862
6752	0.004888087046
6753	0.004887682111
6754	0.004886686606
6755	0.004886564414
6756	0.004886401612
6757	0.004886042143
6758	0.004886021708
6759	0.004885564296
6760	0.004885256235
6761	0.00488517441
6762	0.004884629124
6763	0.004884543851
6764	0.004884460478
6765	0.004884352109
6766	0.004883887526
6767	0.004883481453
6768	0.00488323166
6769	0.004882874333
6770	0.00488270183
6771	0.004881729096
6772	0.004881192732
6773	0.004880895748
6774	0.004880469507
6775	0.004880335972
6776	0.004880051448
6777	0.004879663067
6778	0.004879592001
6779	0.004879288135
6780	0.004878480652
6781	0.004877865567
6782	0.004877843324
6783	0.004877750838
6784	0.004877718651
6785	0.004877381866
6786	0.004877245724
6787	0.004877216814
6788	0.004876726197
6789	0.004876667718
6790	0.004876160066
6791	0.004876092663
6792	0.004875856598
6793	0.004875426035
6794	0.00487478309
6795	0.004873951189
6796	0.004873888127
6797	0.004873474905
6798	0.004873409982
6799	0.004873204351
6800	0.004872665299
6801	0.004872149215
6802	0.004871963527
6803	0.004871918516
6804	0.004871326875
6805	0.004871121616
6806	0.004870857296
6807	0.004870762793
6808	0.004870570507
6809	0.004869218121
6810	0.004868058752
6811	0.004867609951
6812	0.004866531979
6813	0.004865878913
6814	0.004865124242
6815	0.004864994641
6816	0.004863737273
6817	0.004863644045
6818	0.00486325776
6819	0.004862875984
6820	0.004862851694
6821	0.004862377263
6822	0.00486095847
6823	0.004860536585
6824	0.004859600753
6825	0.004859576758
6826	0.004859528366
6827	0.004859436258
6828	0.004859238379
6829	0.004858923736
6830	0.004858905337
6831	0.004857679362
6832	0.00485757155
6833	0.004856986334
6834	0.004856513691
6835	0.004855905978
6836	0.004855885559
6837	0.004855638043
6838	0.004855227015
6839	0.004855221792
6840	0.004855013964
6841	0.004854243915
6842	0.004854058611
6843	0.00485326498
6844	0.004852498217
6845	0.004851757333
6846	0.004851485467
6847	0.004851417909
6848	0.004851354808
6849	0.004851162631
6850	0.00485059472
6851	0.004850064476
6852	0.004849922867
6853	0.004849736145
6854	0.004848936014
6855	0.004848052439
6856	0.004847529174
6857	0.004846865094
6858	0.004846561123
6859	0.004846247509
6860	0.004845128122
6861	0.004844859317
6862	0.004844492604
6863	0.004844223171
6864	0.004844195999
6865	0.004843020395
6866	0.004842056352
6867	0.004841930884
6868	0.004841726587
6869	0.004841706673
6870	0.004841221181
6871	0.004841151291
6872	0.004841119192
6873	0.004840787386
6874	0.00484019443
6875	0.004840167106
6876	0.004840113019
6877	0.004839790829
6878	0.004839689559
6879	0.0048382915
6880	0.004838177086
6881	0.00483803154
6882	0.004836768522
6883	0.004836248273
6884	0.004836160703
6885	0.004835651601
6886	0.004835577721
6887	0.004835121471
6888	0.004834881323
6889	0.004834561144
6890	0.004834384909
6891	0.004834079186
6892	0.004834000133
6893	0.004833716088
6894	0.004833635955
6895	0.004833496807
6896	0.004832885885
6897	0.004832767746
6898	0.004832255759
6899	0.004832092338
6900	0.004832019809
6901	0.004831887253
6902	0.004831751316
6903	0.004831343771
6904	0.004831143475
6905	0.004830813394
6906	0.004830395587
6907	0.004829240138
6908	0.004828703512
6909	0.004827943236
6910	0.004827912993
6911	0.004827744291
6912	0.004827674616
6913	0.004826523314
6914	0.004825865016
6915	0.004825725204
6916	0.00482561777
6917	0.004825397455
6918	0.004825003046
6919	0.004824970301
6920	0.004824863186
6921	0.004824841393
6922	0.00482383979
6923	0.00482338244
6924	0.004822624616
6925	0.004822186179
6926	0.004822024829
6927	0.004821989199
6928	0.004821981238
6929	0.004821947649
6930	0.004821584138
6931	0.004820952588
6932	0.004820529486
6933	0.004820434308
6934	0.004819892344
6935	0.004819219988
6936	0.004819012348
6937	0.004818398273
6938	0.004817821447
6939	0.004817350766
6940	0.004816627307
6941	0.004816567164
6942	0.004816505318
6943	0.004815672742
6944	0.004815273121
6945	0.004814685102
6946	0.004814269307
6947	0.004813909358
6948	0.004813810227
6949	0.004813270547
6950	0.004812923636
6951	0.004812904646
6952	0.004812250631
6953	0.004811958129
6954	0.00481093683
6955	0.004810647401
6956	0.004810122504
6957	0.004810099788
6958	0.004809626708
6959	0.004809524213
6960	0.004809368197
6961	0.004808916645
6962	0.004808884265
6963	0.00480856676
6964	0.00480769788
6965	0.004807269664
6966	0.004807035234
6967	0.004806903491
6968	0.004806139515
6969	0.004805796239
6970	0.004805743729
6971	0.004805481793
6972	0.004804726057
6973	0.0048046643
6974	0.004804154137
6975	0.004803941448
6976	0.004803773311
6977	0.004803696054
6978	0.00480359335
6979	0.004803582956
6980	0.004803520032
6981	0.004803329545
6982	0.004802806881
6983	0.004802567174
6984	0.004801585439
6985	0.004801089953
6986	0.004800780108
6987	0.004799992115
6988	0.004799474055
6989	0.004798926223
6990	0.004798856124
6991	0.004798732765
6992	0.004797797839
6993	0.004797575236
6994	0.004797545269
6995	0.004797483844
6996	0.004797406099
6997	0.004796832381
6998	0.004796463083
6999	0.004796344691
7000	0.004796024596
7001	0.004795398445
7002	0.004795293407
7003	0.004794725829
7004	0.004793511934
7005	0.004793429802
7006	0.004793046609
7007	0.004792917114
7008	0.004792605574
7009	0.004792411778
7010	0.004792152532
7011	0.004791886756
7012	0.004791862038
7013	0.004791858771
7014	0.004791768566
7015	0.004791607533
7016	0.00479129936
7017	0.004790855136
7018	0.004790796313
7019	0.004790760277
7020	0.004790622468
7021	0.004790106169
7022	0.004789586107
7023	0.004789470004
7024	0.004789457442
7025	0.004789391779
7026	0.004789377929
7027	0.004789016911
7028	0.004788322291
7029	0.004788192534
7030	0.004788068694
7031	0.004787305313
7032	0.004787206733
7033	0.004786940557
7034	0.004786908814
7035	0.004786380641
7036	0.004786053673
7037	0.004786032393
7038	0.004785676372
7039	0.004785651042
7040	0.004785584272
7041	0.004784911709
7042	0.004784361462
7043	0.004783770746
7044	0.004783572512
7045	0.00478243214
7046	0.004782298248
7047	0.004781986462
7048	0.004781855179
7049	0.00478150713
7050	0.004780884374
7051	0.004780768251
7052	0.004780384934
7053	0.004780205741
7054	0.004779476519
7055	0.004779308139
7056	0.004779258861
7057	0.004779228747
7058	0.004779049902
7059	0.004779019804
7060	0.004778637147
7061	0.004778620137
7062	0.004778594344
7063	0.00477821658
7064	0.004778058978
7065	0.004777896145
7066	0.00477703405
7067	0.00477664557
7068	0.004776285366
7069	0.004774817504
7070	0.004774719382
7071	0.004774609231
7072	0.004774413748
7073	0.004774215277
7074	0.004773679098
7075	0.004772939798
7076	0.004772708943
7077	0.004772531646
7078	0.00477227512
7079	0.004771780578
7080	0.004771767002
7081	0.004771487607
7082	0.00477052896
7083	0.004770183755
7084	0.004770149125
7085	0.004770125452
7086	0.004769852755
7087	0.004769717156
7088	0.004769207185
7089	0.004769088374
7090	0.004768392544
7091	0.004768179729
7092	0.004768022154
7093	0.004767504199
7094	0.004766873177
7095	0.004765752408
7096	0.004765676976
7097	0.004765510285
7098	0.00476518587
7099	0.004765166273
7100	0.004764387321
7101	0.004764260629
7102	0.00476416795
7103	0.004764013134
7104	0.004763343421
7105	0.004762433487
7106	0.004761663135
7107	0.004761428224
7108	0.004761320227
7109	0.004760966886
7110	0.00476077254
7111	0.004759748723
7112	0.004759384601
7113	0.004759238649
7114	0.004758950763
7115	0.004758460023
7116	0.004757881689
7117	0.004757249793
7118	0.004757247202
7119	0.004756559424
7120	0.004756543667
7121	0.004756261838
7122	0.004755033112
7123	0.004754770576
7124	0.00475444898
7125	0.004753893
7126	0.004753874231
7127	0.004753859046
7128	0.004753656912
7129	0.004753560188
7130	0.004753283565
7131	0.004753112468
7132	0.004752051236
7133	0.004751490515
7134	0.004751248276
7135	0.004751169316
7136	0.004750921121
7137	0.00475019472
7138	0.004749965708
7139	0.00474990895
7140	0.004749877826
7141	0.004749803143
7142	0.004749146458
7143	0.004749077203
7144	0.004748320226
7145	0.004748067504
7146	0.004747606249
7147	0.004747548021
7148	0.004747480482
7149	0.004746944912
7150	0.004746854261
7151	0.004746181889
7152	0.004745462271
7153	0.004745347272
7154	0.004745292086
7155	0.00474484109
7156	0.004744127082
7157	0.004743478964
7158	0.004743344663
7159	0.004742806133
7160	0.004742029414
7161	0.004741551007
7162	0.004741447365
7163	0.004741190484
7164	0.00474074571
7165	0.004740628695
7166	0.004740299868
7167	0.004740165135
7168	0.004739591241
7169	0.004738814631
7170	0.004738261745
7171	0.004737689814
7172	0.004737501257
7173	0.004737405401
7174	0.004737361812
7175	0.004736849218
7176	0.00473683081
7177	0.004735670015
7178	0.004735608304
7179	0.00473508503
7180	0.004734789001
7181	0.004734506521
7182	0.004734456462
7183	0.004734119608
7184	0.004733571889
7185	0.004732935125
7186	0.004732375723
7187	0.004732107478
7188	0.004731455045
7189	0.004731062257
7190	0.004730266001
7191	0.004729944037
7192	0.004729146423
7193	0.004729122312
7194	0.00472892124
7195	0.004727674328
7196	0.004727349073
7197	0.00472733532
7198	0.00472678104
7199	0.004726770723
7200	0.004726597609
7201	0.004726280699
7202	0.004726145781
7203	0.004726041915
7204	0.00472566577
7205	0.004725256308
7206	0.004725196614
7207	0.004724571192
7208	0.004723951889
7209	0.004723895796
7210	0.004723356024
7211	0.004722886724
7212	0.004722861627
7213	0.004722784402
7214	0.004722645097
7215	0.004722633438
7216	0.004722027718
7217	0.004721788982
7218	0.00472126534
7219	0.004721100399
7220	0.004721074941
7221	0.00471963085
7222	0.004719176398
7223	0.004718865673
7224	0.004717996557
7225	0.004717940958
7226	0.0047173156
7227	0.00471724846
7228	0.004716760931
7229	0.00471645061
7230	0.004716440912
7231	0.004716037098
7232	0.004715496842
7233	0.004714876666
7234	0.004714518143
7235	0.00471424958
7236	0.004714221545
7237	0.004713905216
7238	0.004713865533
7239	0.004713685725
7240	0.00471356142
7241	0.004712957679
7242	0.004712913521
7243	0.004712599575
7244	0.004712427228
7245	0.00471226807
7246	0.004711991432
7247	0.00471183347
7248	0.004711680752
7249	0.00471133604
7250	0.004711225276
7251	0.00471096139
7252	0.00471023742
7253	0.004708995443
7254	0.004708652763
7255	0.004708038847
7256	0.00470756473
7257	0.004706922235
7258	0.004706750469
7259	0.004706551977
7260	0.004706142413
7261	0.004706032029
7262	0.004705828891
7263	0.004704391436
7264	0.004703998693
7265	0.004703663179
7266	0.004703464221
7267	0.004702819955
7268	0.004702412002
7269	0.004702026726
7270	0.004702012204
7271	0.004701591963
7272	0.004701554166
7273	0.004701164339
7274	0.00470085116
7275	0.004700618789
7276	0.004700587315
7277	0.004699494437
7278	0.004699443562
7279	0.004699440412
7280	0.004699239769
7281	0.004699164219
7282	0.004698748143
7283	0.004698650232
7284	0.004698497382
7285	0.004697414197
7286	0.00469733575
7287	0.004697001539
7288	0.004696823532
7289	0.004696798901
7290	0.004696606285
7291	0.004695633227
7292	0.004695008776
7293	0.004694677138
7294	0.004694605594
7295	0.004693852744
7296	0.004693728558
7297	0.004692713721
7298	0.004692040315
7299	0.004691658363
7300	0.004690983351
7301	0.004690917209
7302	0.004690911353
7303	0.00468980427
7304	0.004689696194
7305	0.004689610171
7306	0.004689030833
7307	0.004688532321
7308	0.004688268076
7309	0.004687678893
7310	0.004687320713
7311	0.004687094258
7312	0.004686908398
7313	0.004686836773
7314	0.00468620799
7315	0.004686057813
7316	0.004685805032
7317	0.004685467746
7318	0.004685274986
7319	0.004685207757
7320	0.004684695471
7321	0.004684552031
7322	0.004684347535
7323	0.00468386118
7324	0.004683760716
7325	0.004682900627
7326	0.00468250271
7327	0.004681424817
7328	0.004680991046
7329	0.004680570946
7330	0.004680311228
7331	0.004680295013
7332	0.004679951739
7333	0.004679695178
7334	0.00467945499
7335	0.004679448972
7336	0.004679385105
7337	0.004679216217
7338	0.004678924973
7339	0.004678655253
7340	0.004678471354
7341	0.00467819215
7342	0.004676777758
7343	0.004676399878
7344	0.004676251921
7345	0.004675532292
7346	0.004674987321
7347	0.004674528062
7348	0.004674500149
7349	0.004673959858
7350	0.004672931905
7351	0.004672270847
7352	0.004672015777
7353	0.004671639868
7354	0.004671301539
7355	0.004670815699
7356	0.004669694519
7357	0.004668780394
7358	0.004668594139
7359	0.004667888339
7360	0.004667153023
7361	0.004667043698
7362	0.00466672691
7363	0.004666672726
7364	0.004666087168
7365	0.004665349831
7366	0.004664545226
7367	0.004664096938
7368	0.004664035379
7369	0.004664000885
7370	0.004663772942
7371	0.004662728732
7372	0.004661666531
7373	0.004660920851
7374	0.004660797576
7375	0.004660772834
7376	0.004660676075
7377	0.004660633502
7378	0.004660609981
7379	0.004660254072
7380	0.004660014161
7381	0.004659949812
7382	0.004659927532
7383	0.004659916305
7384	0.004659820145
7385	0.00465980795
7386	0.00465966016
7387	0.004659318908
7388	0.004659172016
7389	0.004658980771
7390	0.004658246398
7391	0.004657910672
7392	0.004657903614
7393	0.004657752026
7394	0.004657729282
7395	0.004657132389
7396	0.004656999539
7397	0.004656915891
7398	0.004656840048
7399	0.00465655154
7400	0.004656413743
7401	0.004656124731
7402	0.004655536441
7403	0.004654352105
7404	0.004653995923
7405	0.004653340693
7406	0.004653254955
7407	0.004653098653
7408	0.004653055203
7409	0.004652437724
7410	0.004652243244
7411	0.004652233726
7412	0.004650887118
7413	0.004649897162
7414	0.004649819337
7415	0.004649611457
7416	0.004649011782
7417	0.004648792734
7418	0.004648435316
7419	0.004648310492
7420	0.004647254919
7421	0.004647053862
7422	0.004646252428
7423	0.004645303132
7424	0.004645130311
7425	0.00464476241
7426	0.004644041584
7427	0.004643964675
7428	0.004643942746
7429	0.004643807658
7430	0.004643143359
7431	0.004642954158
7432	0.004642462927
7433	0.004641828827
7434	0.004641434085
7435	0.004641228518
7436	0.004640836178
7437	0.004640061202
7438	0.004639614748
7439	0.004639054751
7440	0.004639034352
7441	0.004638827591
7442	0.004638778503
7443	0.00463808697
7444	0.00463752503
7445	0.004637465505
7446	0.004637343904
7447	0.004636929171
7448	0.004636508352
7449	0.004636259155
7450	0.004636223057
7451	0.004636005569
7452	0.004635901552
7453	0.004635395517
7454	0.004634781909
7455	0.004634170401
7456	0.00463378439
7457	0.004632479485
7458	0.004632218579
7459	0.004631475543
7460	0.004631457764
7461	0.004631020941
7462	0.004629386576
7463	0.00462886064
7464	0.004628650198
7465	0.004628622924
7466	0.004628517495
7467	0.004628234489
7468	0.00462822358
7469	0.004628001317
7470	0.004627601575
7471	0.004627333407
7472	0.004627244846
7473	0.004626794293
7474	0.004626464383
7475	0.004626278509
7476	0.004626243999
7477	0.00462592459
7478	0.004625630452
7479	0.004624751925
7480	0.004624662083
7481	0.004624340742
7482	0.004624306437
7483	0.004624070797
7484	0.004624051746
7485	0.004624034204
7486	0.004624000247
7487	0.004623177077
7488	0.004623121865
7489	0.004622690467
7490	0.004622370517
7491	0.004622105657
7492	0.004622099834
7493	0.004621570167
7494	0.004621352126
7495	0.004619921701
7496	0.004619353214
7497	0.004619329947
7498	0.00461856612
7499	0.00461822113
7500	0.004617612499
7501	0.004617484645
7502	0.004617360024
7503	0.004617049452
7504	0.004616448941
7505	0.004615654553
7506	0.004614931305
7507	0.004614724285
7508	0.004614207445
7509	0.004614101091
7510	0.004613861228
7511	0.004612952774
7512	0.004612775315
7513	0.004612592858
7514	0.004612008312
7515	0.004611930329
7516	0.004611286539
7517	0.004611261337
7518	0.004610857605
7519	0.00461023348
7520	0.004609062228
7521	0.004608970246
7522	0.004608494981
7523	0.004608144295
7524	0.004607276232
7525	0.00460698767
7526	0.004606807648
7527	0.004606743825
7528	0.004606267162
7529	0.004606126312
7530	0.004606061094
7531	0.004605967376
7532	0.004605254579
7533	0.004604955797
7534	0.004604879187
7535	0.004604459813
7536	0.004604412564
7537	0.00460413657
7538	0.004603462884
7539	0.004602763897
7540	0.00460258807
7541	0.004602240949
7542	0.004601791612
7543	0.004601342865
7544	0.004600309652
7545	0.004599993456
7546	0.004599953713
7547	0.004598811935
7548	0.004598798973
7549	0.004598640539
7550	0.004598222373
7551	0.004597193365
7552	0.004596407066
7553	0.004596377818
7554	0.004596006247
7555	0.004595166143
7556	0.004594821408
7557	0.004594794136
7558	0.004594668493
7559	0.004594578651
7560	0.00459442016
7561	0.004594340807
7562	0.004593893364
7563	0.004593484285
7564	0.004593295976
7565	0.004592936616
7566	0.004592813934
7567	0.004592702309
7568	0.004592626407
7569	0.004592436307
7570	0.004592240333
7571	0.004592226628
7572	0.004592092727
7573	0.004591499695
7574	0.004591141347
7575	0.004590866209
7576	0.004589938139
7577	0.004589295425
7578	0.004589242661
7579	0.004588103224
7580	0.004587771642
7581	0.004587701441
7582	0.004586668941
7583	0.004586082453
7584	0.004585946245
7585	0.004585574879
7586	0.00458556696
7587	0.004585318578
7588	0.004584795377
7589	0.004583961106
7590	0.004583663805
7591	0.004583651014
7592	0.004583429543
7593	0.004582998289
7594	0.004582881792
7595	0.00458230011
7596	0.004582143055
7597	0.004581674062
7598	0.004581542893
7599	0.004581082917
7600	0.004580326962
7601	0.004579817872
7602	0.004578969413
7603	0.004578933752
7604	0.004578244404
7605	0.004578162009
7606	0.004577650296
7607	0.004577582973
7608	0.004577465159
7609	0.004577068879
7610	0.004577056046
7611	0.004576941928
7612	0.004576829043
7613	0.004576336513
7614	0.004576321856
7615	0.004575861561
7616	0.004575557909
7617	0.004575211284
7618	0.004575143573
7619	0.004575022845
7620	0.004574855594
7621	0.004574648153
7622	0.004574404596
7623	0.004573860141
7624	0.004573738892
7625	0.004573457539
7626	0.004573435298
7627	0.00457303179
7628	0.004572721924
7629	0.004572679146
7630	0.004572475599
7631	0.004571835135
7632	0.004571783735
7633	0.004571487946
7634	0.004570601359
7635	0.004570352075
7636	0.004570337271
7637	0.004570161049
7638	0.004570062867
7639	0.004569723456
7640	0.004569235044
7641	0.004569220522
7642	0.004568380791
7643	0.004568150817
7644	0.004567757752
7645	0.004566775355
7646	0.004566716024
7647	0.00456669281
7648	0.004566446999
7649	0.004566118559
7650	0.004566016507
7651	0.004565945273
7652	0.004565919871
7653	0.004565689993
7654	0.004565518815
7655	0.004565511458
7656	0.004565113817
7657	0.004564305266
7658	0.004564186015
7659	0.004563912055
7660	0.00456271491
7661	0.004561863533
7662	0.00456174796
7663	0.004561713876
7664	0.004561346722
7665	0.004561282496
7666	0.004561107281
7667	0.004560884506
7668	0.004560658346
7669	0.004560406616
7670	0.004560133881
7671	0.004559491306
7672	0.004558598324
7673	0.0045584427
7674	0.004557974849
7675	0.004557837224
7676	0.004557669001
7677	0.00455755886
7678	0.004557427652
7679	0.004556863258
7680	0.00455605802
7681	0.004555782651
7682	0.004555601683
7683	0.00455505794
7684	0.004554851139
7685	0.004554198289
7686	0.00455416799
7687	0.004553938466
7688	0.004553575366
7689	0.004553484732
7690	0.004552720037
7691	0.004551692816
7692	0.004551156705
7693	0.004550487547
7694	0.004550428209
7695	0.004550046025
7696	0.004549671924
7697	0.004549201227
7698	0.00454899563
7699	0.004548733452
7700	0.004548272389
7701	0.004547843101
7702	0.004547810081
7703	0.004547780299
7704	0.004547042811
7705	0.004546104084
7706	0.004545558749
7707	0.004544703373
7708	0.004544290783
7709	0.00454423066
7710	0.004543688904
7711	0.004543687626
7712	0.004543420838
7713	0.004543130541
7714	0.00454308543
7715	0.004543061291
7716	0.00454233772
7717	0.004541902558
7718	0.004541805711
7719	0.004541258691
7720	0.004540554868
7721	0.004540236609
7722	0.004539813571
7723	0.00453889708
7724	0.004538291238
7725	0.00453812213
7726	0.004538112884
7727	0.004537934903
7728	0.004537085382
7729	0.004536687058
7730	0.004536544039
7731	0.004536503598
7732	0.004536494433
7733	0.004535878281
7734	0.004535198042
7735	0.004535122794
7736	0.004534775928
7737	0.004533689268
7738	0.004533676257
7739	0.004533475332
7740	0.004532972896
7741	0.004532771546
7742	0.004532601236
7743	0.004532533863
7744	0.004532490576
7745	0.004532410838
7746	0.004532339314
7747	0.004532320074
7748	0.004532070835
7749	0.004531995477
7750	0.004531371929
7751	0.004531312707
7752	0.004531165368
7753	0.004530202315
7754	0.004529534328
7755	0.004529259885
7756	0.004528970327
7757	0.00452890048
7758	0.004528565578
7759	0.004527282487
7760	0.004526867957
7761	0.004526395344
7762	0.004526008606
7763	0.004525757539
7764	0.004525545172
7765	0.004524970597
7766	0.004524597661
7767	0.004524542801
7768	0.004524513453
7769	0.004524371109
7770	0.004524026128
7771	0.004523884672
7772	0.004523877205
7773	0.004523659523
7774	0.00452364414
7775	0.004523210803
7776	0.004523143657
7777	0.004523052187
7778	0.004522537228
7779	0.004522096034
7780	0.004522012969
7781	0.004521590873
7782	0.004521555378
7783	0.004521411715
7784	0.004521379859
7785	0.004520652378
7786	0.004520428599
7787	0.004520319465
7788	0.004520198011
7789	0.004519636414
7790	0.004519605188
7791	0.004519043082
7792	0.004518758634
7793	0.004518643738
7794	0.004518601696
7795	0.004518520315
7796	0.004518271827
7797	0.004518146259
7798	0.004517631324
7799	0.0045173536
7800	0.004516856078
7801	0.004515853678
7802	0.004515789137
7803	0.00451533868
7804	0.004514718807
7805	0.00451454994
7806	0.004513220509
7807	0.004512838976
7808	0.004512803213
7809	0.004512522543
7810	0.004511864551
7811	0.004511049432
7812	0.00451103562
7813	0.004511027877
7814	0.004510786946
7815	0.004510232952
7816	0.004509591652
7817	0.00450913711
7818	0.004508750241
7819	0.004508652867
7820	0.004508367982
7821	0.004507760702
7822	0.004507489946
7823	0.004506790205
7824	0.004506350836
7825	0.004505660519
7826	0.004505161499
7827	0.004504636308
7828	0.004504021608
7829	0.004503998692
7830	0.004503973302
7831	0.004503190749
7832	0.004502819134
7833	0.004502226398
7834	0.004502213013
7835	0.00450199332
7836	0.00450195374
7837	0.00450144858
7838	0.00450143142
7839	0.004501318707
7840	0.004501246761
7841	0.004500171111
7842	0.004499937701
7843	0.004499820374
7844	0.004499645616
7845	0.00449935224
7846	0.004498854399
7847	0.00449852244
7848	0.00449849364
7849	0.004498138867
7850	0.004498119988
7851	0.004497936593
7852	0.004497329743
7853	0.004497307506
7854	0.004497292941
7855	0.004496606667
7856	0.004496320779
7857	0.004496107065
7858	0.004496054911
7859	0.004495696959
7860	0.004495361637
7861	0.004494330159
7862	0.004494108515
7863	0.004494103221
7864	0.004494089159
7865	0.004494004348
7866	0.004493638474
7867	0.004492861368
7868	0.004492811617
7869	0.004491541
7870	0.004491460861
7871	0.004491123983
7872	0.004491033551
7873	0.004490915484
7874	0.004490857363
7875	0.004490592518
7876	0.004490555634
7877	0.004490459823
7878	0.004490399241
7879	0.004490151155
7880	0.004489870008
7881	0.004489321318
7882	0.004489311903
7883	0.004489123709
7884	0.004489071839
7885	0.0044890651
7886	0.004488664229
7887	0.004488152615
7888	0.004488144458
7889	0.004488023069
7890	0.004487725695
7891	0.004487655397
7892	0.004487028071
7893	0.004486548475
7894	0.004486469859
7895	0.004486276796
7896	0.004485501943
7897	0.004484895882
7898	0.004484500092
7899	0.004484055311
7900	0.004483912231
7901	0.004483667182
7902	0.004483525964
7903	0.004483231758
7904	0.004482657538
7905	0.004482652327
7906	0.004482218761
7907	0.004481528094
7908	0.004481520576
7909	0.004480819127
7910	0.004480271506
7911	0.00447992954
7912	0.004479736321
7913	0.004479661105
7914	0.004479637491
7915	0.004479030251
7916	0.004478970292
7917	0.0044786943
7918	0.004478524391
7919	0.004477687843
7920	0.004477182167
7921	0.004477063312
7922	0.004476974291
7923	0.004476701313
7924	0.004476369942
7925	0.00447598733
7926	0.004475458207
7927	0.004475388367
7928	0.00447494441
7929	0.004474698147
7930	0.004474619519
7931	0.004474065138
7932	0.004473473134
7933	0.004471975267
7934	0.004471568119
7935	0.004470467819
7936	0.004469847603
7937	0.004468987358
7938	0.004468539897
7939	0.004468433468
7940	0.004468133382
7941	0.004467703489
7942	0.004467131041
7943	0.004466423903
7944	0.004466217594
7945	0.004465840539
7946	0.004465672838
7947	0.004465003216
7948	0.004464858188
7949	0.004464792269
7950	0.004464565805
7951	0.004464314832
7952	0.004464309579
7953	0.004463067411
7954	0.004462315716
7955	0.004462057047
7956	0.004461982481
7957	0.004461931207
7958	0.004461643033
7959	0.004461575407
7960	0.004460428798
7961	0.004459682856
7962	0.004459660347
7963	0.004459123822
7964	0.004458826734
7965	0.004458521023
7966	0.004458219865
7967	0.00445782055
7968	0.004457466515
7969	0.004457269767
7970	0.004457086296
7971	0.004456899686
7972	0.004456810032
7973	0.00445545716
7974	0.004455298232
7975	0.004454624964
7976	0.004454212923
7977	0.004454087042
7978	0.00445394934
7979	0.00445305193
7980	0.004452478579
7981	0.004452304694
7982	0.004452050396
7983	0.004451423645
7984	0.004451002397
7985	0.004450743929
7986	0.0044500636
7987	0.004449860637
7988	0.004449327844
7989	0.004448893446
7990	0.00444870085
7991	0.004448597387
7992	0.004448365175
7993	0.004448171175
7994	0.004447849825
7995	0.004447140075
7996	0.004447057961
7997	0.004446928088
7998	0.004446693909
7999	0.004446659781
