iter	Passed	Remaining
0	32	261707
1	50	203572
2	72	194234
3	95	191243
4	116	186357
5	137	183517
6	159	182077
7	187	187320
8	218	193797
9	246	197322
10	267	194214
11	314	209423
12	337	207490
13	359	204956
14	379	202006
15	400	200034
16	422	198567
17	443	196623
18	464	195183
19	483	193009
20	505	192085
21	527	191200
22	549	190470
23	569	189340
24	589	187981
25	611	187468
26	632	186827
27	653	185929
28	674	185461
29	695	184785
30	716	184314
31	737	183574
32	759	183369
33	780	182899
34	801	182413
35	822	181952
36	844	181799
37	865	181367
38	886	181032
39	908	180828
40	934	181333
41	955	181024
42	976	180762
43	1002	181309
44	1024	181064
45	1045	180724
46	1064	180166
47	1084	179686
48	1108	179932
49	1129	179565
50	1150	179308
51	1172	179164
52	1211	181603
53	1233	181473
54	1255	181400
55	1276	181080
56	1297	180829
57	1317	180445
58	1339	180257
59	1362	180243
60	1383	180084
61	1405	179896
62	1425	179622
63	1446	179388
64	1467	179118
65	1488	178908
66	1510	178829
67	1537	179399
68	1560	179390
69	1581	179201
70	1608	179594
71	1629	179407
72	1649	179135
73	1688	180896
74	1710	180744
75	1730	180428
76	1749	180064
77	1775	180280
78	1795	180070
79	1818	180078
80	1840	179912
81	1861	179754
82	1884	179751
83	1907	179744
84	1928	179546
85	1948	179297
86	1970	179221
87	1990	179006
88	2009	178656
89	2028	178316
90	2050	178225
91	2071	178083
92	2093	178000
93	2114	177825
94	2151	179037
95	2174	179025
96	2195	178851
97	2216	178740
98	2241	178870
99	2262	178776
100	2285	178724
101	2306	178612
102	2328	178487
103	2349	178385
104	2368	178115
105	2388	177905
106	2409	177729
107	2430	177609
108	2452	177529
109	2474	177486
110	2495	177377
111	2519	177416
112	2539	177246
113	2559	177075
114	2580	176919
115	2601	176798
116	2622	176695
117	2643	176556
118	2663	176404
119	2684	176264
120	2705	176200
121	2727	176139
122	2750	176139
123	2770	175941
124	2790	175779
125	2811	175704
126	2836	175821
127	2857	175755
128	2880	175745
129	2902	175739
130	2925	175725
131	2946	175655
132	2969	175639
133	2989	175512
134	3012	175522
135	3036	175596
136	3057	175497
137	3078	175361
138	3098	175254
139	3121	175242
140	3141	175105
141	3164	175136
142	3185	175012
143	3206	174916
144	3230	175000
145	3253	175036
146	3275	175001
147	3297	174942
148	3317	174793
149	3336	174623
150	3357	174521
151	3379	174511
152	3401	174435
153	3420	174259
154	3440	174153
155	3471	174566
156	3495	174611
157	3516	174542
158	3538	174482
159	3562	174543
160	3584	174550
161	3607	174523
162	3627	174406
163	3649	174370
164	3669	174254
165	3690	174161
166	3712	174130
167	3735	174124
168	3757	174094
169	3780	174136
170	3803	174159
171	3826	174128
172	3846	174031
173	3866	173910
174	3904	174572
175	3925	174499
176	3947	174479
177	3968	174373
178	3989	174332
179	4011	174285
180	4033	174253
181	4054	174162
182	4076	174124
183	4099	174130
184	4118	173988
185	4139	173912
186	4162	173911
187	4183	173843
188	4205	173808
189	4229	173840
190	4268	174537
191	4290	174490
192	4313	174466
193	4333	174363
194	4353	174258
195	4376	174270
196	4398	174202
197	4420	174167
198	4443	174179
199	4464	174097
200	4485	174035
201	4506	173949
202	4526	173845
203	4546	173760
204	4567	173662
205	4603	174178
206	4625	174139
207	4648	174136
208	4685	174676
209	4707	174620
210	4728	174559
211	4750	174519
212	4772	174473
213	4793	174410
214	4814	174330
215	4842	174500
216	4863	174447
217	4884	174380
218	4906	174327
219	4928	174286
220	4950	174260
221	4974	174290
222	4997	174276
223	5017	174161
224	5039	174143
225	5060	174064
226	5081	174015
227	5105	174045
228	5130	174101
229	5154	174139
230	5194	174696
231	5220	174793
232	5245	174860
233	5270	174930
234	5294	174952
235	5334	175486
236	5358	175512
237	5381	175496
238	5410	175691
239	5444	176044
240	5467	176040
241	5502	176388
242	5528	176475
243	5557	176671
244	5585	176790
245	5613	176950
246	5640	177063
247	5667	177152
248	5692	177194
249	5718	177260
250	5740	177236
251	5763	177196
252	5785	177166
253	5827	177728
254	5920	179809
255	5982	180961
256	6030	181679
257	6076	182351
258	6107	182530
259	6137	182710
260	6160	182653
261	6183	182614
262	6211	182721
263	6258	183394
264	6285	183454
265	6311	183512
266	6339	183621
267	6370	183797
268	6391	183690
269	6414	183639
270	6437	183596
271	6461	183571
272	6485	183579
273	6506	183469
274	6529	183419
275	6551	183339
276	6573	183283
277	6596	183235
278	6618	183171
279	6640	183100
280	6666	183121
281	6690	183103
282	6710	182993
283	6730	182873
284	6753	182831
285	6774	182735
286	6796	182661
287	6824	182753
288	6847	182707
289	6870	182649
290	6892	182598
291	6916	182568
292	6939	182533
293	6962	182494
294	6986	182476
295	7008	182405
296	7033	182414
297	7056	182389
298	7079	182329
299	7101	182260
300	7122	182175
301	7143	182092
302	7171	182170
303	7199	182253
304	7222	182209
305	7245	182186
306	7266	182095
307	7288	182029
308	7311	181983
309	7335	181965
310	7357	181904
311	7375	181736
312	7397	181676
313	7421	181652
314	7443	181589
315	7465	181544
316	7486	181446
317	7508	181382
318	7530	181330
319	7551	181241
320	7573	181185
321	7595	181101
322	7616	181036
323	7637	180941
324	7658	180865
325	7681	180819
326	7700	180698
327	7723	180654
328	7744	180566
329	7766	180519
330	7788	180442
331	7809	180381
332	7833	180351
333	7854	180284
334	7879	180295
335	7902	180246
336	7922	180139
337	7944	180090
338	7968	180067
339	7989	179992
340	8009	179887
341	8026	179736
342	8047	179639
343	8066	179533
344	8086	179425
345	8107	179345
346	8127	179250
347	8147	179145
348	8168	179065
349	8191	179034
350	8213	178999
351	8236	178951
352	8259	178928
353	8284	178938
354	8307	178899
355	8330	178871
356	8351	178794
357	8373	178742
358	8395	178684
359	8416	178627
360	8438	178569
361	8461	178534
362	8485	178526
363	8507	178471
364	8529	178421
365	8552	178392
366	8575	178346
367	8595	178255
368	8616	178184
369	8640	178179
370	8661	178114
371	8681	178021
372	8702	177942
373	8730	178009
374	8754	178001
375	8777	177968
376	8798	177910
377	8818	177821
378	8848	177918
379	8869	177860
380	8893	177850
381	8914	177774
382	8936	177725
383	8957	177657
384	8977	177576
385	8998	177501
386	9018	177406
387	9039	177334
388	9061	177293
389	9082	177222
390	9102	177138
391	9124	177081
392	9145	177015
393	9165	176939
394	9188	176900
395	9210	176857
396	9229	176754
397	9264	176962
398	9285	176892
399	9306	176821
400	9326	176740
401	9345	176630
402	9367	176589
403	9388	176527
404	9411	176487
405	9430	176390
406	9450	176307
407	9472	176264
408	9493	176189
409	9512	176097
410	9534	176046
411	9557	176031
412	9578	175954
413	9598	175888
414	9618	175799
415	9640	175758
416	9655	175589
417	9673	175471
418	9694	175404
419	9714	175331
420	9736	175276
421	9756	175204
422	9776	175130
423	9798	175076
424	9822	175063
425	9844	175023
426	9866	174982
427	9888	174936
428	9909	174890
429	9931	174836
430	9953	174794
431	9974	174744
432	9994	174661
433	10015	174594
434	10035	174532
435	10056	174462
436	10079	174448
437	10098	174349
438	10120	174315
439	10141	174257
440	10163	174200
441	10183	174137
442	10210	174175
443	10231	174126
444	10253	174074
445	10275	174035
446	10295	173963
447	10316	173913
448	10338	173864
449	10360	173820
450	10380	173745
451	10398	173654
452	10419	173593
453	10442	173561
454	10462	173485
455	10482	173423
456	10503	173361
457	10522	173271
458	10543	173219
459	10563	173142
460	10581	173053
461	10603	172999
462	10624	172944
463	10650	172973
464	10671	172922
465	10690	172840
466	10710	172771
467	10750	173020
468	10772	172975
469	10805	173115
470	10827	173082
471	10847	173009
472	10872	173019
473	10894	172972
474	10913	172889
475	10947	173046
476	10969	173009
477	10991	172959
478	11011	172892
479	11031	172823
480	11052	172770
481	11070	172665
482	11089	172594
483	11109	172522
484	11129	172455
485	11151	172417
486	11173	172369
487	11195	172339
488	11215	172276
489	11237	172232
490	11257	172170
491	11277	172104
492	11298	172040
493	11319	171987
494	11340	171936
495	11348	171692
496	11372	171682
497	11392	171612
498	11407	171480
499	11426	171392
500	11448	171369
501	11471	171344
502	11491	171269
503	11511	171207
504	11532	171157
505	11554	171128
506	11575	171082
507	11599	171064
508	11618	170997
509	11639	170947
510	11660	170895
511	11681	170848
512	11702	170789
513	11721	170708
514	11742	170659
515	11762	170595
516	11785	170588
517	11809	170569
518	11831	170536
519	11856	170551
520	11894	170742
521	11927	170864
522	11956	170933
523	11980	170932
524	12006	170943
525	12047	171177
526	12073	171204
527	12107	171332
528	12142	171487
529	12174	171596
530	12200	171607
531	12222	171568
532	12244	171542
533	12265	171483
534	12288	171464
535	12310	171429
536	12332	171387
537	12351	171318
538	12373	171272
539	12393	171212
540	12414	171170
541	12436	171133
542	12456	171063
543	12475	170987
544	12495	170918
545	12517	170885
546	12536	170809
547	12556	170743
548	12578	170713
549	12599	170662
550	12619	170603
551	12640	170551
552	12666	170579
553	12689	170551
554	12711	170522
555	12733	170484
556	12753	170415
557	12775	170383
558	12801	170405
559	12822	170360
560	12844	170327
561	12868	170307
562	12888	170253
563	12909	170198
564	12928	170126
565	12949	170081
566	12973	170067
567	12994	170030
568	13017	170002
569	13039	169969
570	13060	169928
571	13080	169861
572	13099	169792
573	13119	169729
574	13139	169668
575	13160	169622
576	13183	169597
577	13203	169540
578	13224	169494
579	13243	169429
580	13266	169403
581	13285	169326
582	13305	169274
583	13326	169228
584	13347	169183
585	13367	169122
586	13387	169068
587	13408	169018
588	13431	168994
589	13453	168966
590	13471	168884
591	13491	168825
592	13513	168790
593	13535	168763
594	13556	168720
595	13577	168665
596	13604	168695
597	13627	168684
598	13653	168698
599	13678	168707
600	13708	168766
601	13734	168788
602	13758	168769
603	13783	168781
604	13806	168764
605	13830	168745
606	13851	168699
607	13872	168663
608	13894	168633
609	13918	168623
610	13939	168569
611	13961	168544
612	13983	168513
613	14004	168466
614	14025	168419
615	14045	168364
616	14066	168323
617	14087	168272
618	14106	168208
619	14122	168102
620	14158	168231
621	14182	168232
622	14204	168202
623	14226	168167
624	14248	168132
625	14269	168088
626	14290	168047
627	14312	168017
628	14336	168005
629	14360	167995
630	14383	167971
631	14406	167955
632	14430	167947
633	14451	167900
634	14471	167848
635	14493	167815
636	14516	167795
637	14538	167766
638	14561	167738
639	14581	167688
640	14602	167642
641	14623	167596
642	14647	167597
643	14667	167540
644	14689	167511
645	14712	167480
646	14734	167456
647	14755	167408
648	14776	167369
649	14798	167337
650	14819	167293
651	14856	167433
652	14878	167404
653	14900	167372
654	14921	167323
655	14950	167368
656	14973	167351
657	14996	167335
658	15016	167277
659	15036	167222
660	15059	167198
661	15079	167151
662	15099	167097
663	15123	167083
664	15147	167079
665	15169	167047
666	15186	166964
667	15207	166922
668	15233	166932
669	15259	166938
670	15282	166918
671	15304	166890
672	15327	166868
673	15348	166829
674	15370	166797
675	15393	166773
676	15413	166726
677	15432	166660
678	15451	166595
679	15472	166557
680	15495	166534
681	15518	166512
682	15540	166483
683	15561	166448
684	15583	166415
685	15606	166390
686	15628	166360
687	15651	166342
688	15675	166330
689	15697	166303
690	15719	166266
691	15740	166226
692	15762	166204
693	15788	166210
694	15810	166181
695	15832	166154
696	15852	166100
697	15874	166072
698	15898	166057
699	15920	166026
700	15941	165987
701	15961	165937
702	15981	165888
703	16004	165861
704	16043	166010
705	16064	165974
706	16086	165940
707	16110	165927
708	16132	165894
709	16154	165865
710	16177	165852
711	16198	165808
712	16222	165800
713	16245	165774
714	16267	165751
715	16287	165700
716	16312	165693
717	16334	165662
718	16359	165669
719	16385	165679
720	16413	165702
721	16440	165721
722	16462	165691
723	16482	165648
724	16503	165602
725	16525	165575
726	16548	165551
727	16572	165538
728	16594	165511
729	16636	165676
730	16658	165655
731	16681	165629
732	16702	165590
733	16723	165553
734	16747	165537
735	16771	165523
736	16792	165491
737	16814	165456
738	16835	165415
739	16857	165385
740	16878	165346
741	16900	165316
742	16921	165273
743	16943	165240
744	16965	165213
745	16987	165183
746	17008	165145
747	17030	165114
748	17053	165092
749	17076	165074
750	17097	165035
751	17120	165008
752	17142	164982
753	17165	164957
754	17188	164937
755	17212	164927
756	17235	164911
757	17259	164898
758	17294	164997
759	17316	164963
760	17339	164941
761	17363	164927
762	17386	164907
763	17407	164870
764	17428	164826
765	17448	164782
766	17469	164746
767	17491	164714
768	17513	164678
769	17534	164645
770	17555	164604
771	17578	164580
772	17601	164563
773	17623	164533
774	17645	164501
775	17663	164438
776	17686	164415
777	17710	164400
778	17732	164372
779	17754	164344
780	17776	164314
781	17799	164295
782	17836	164405
783	17859	164380
784	17882	164358
785	17907	164355
786	17928	164314
787	17950	164287
788	17971	164252
789	18008	164354
790	18027	164297
791	18049	164266
792	18070	164231
793	18091	164192
794	18111	164144
795	18132	164105
796	18152	164054
797	18174	164024
798	18196	163995
799	18218	163970
800	18238	163922
801	18260	163888
802	18280	163843
803	18301	163804
804	18323	163777
805	18343	163723
806	18363	163678
807	18388	163671
808	18410	163642
809	18432	163616
810	18454	163584
811	18489	163670
812	18513	163659
813	18535	163632
814	18555	163588
815	18575	163538
816	18597	163508
817	18620	163484
818	18640	163438
819	18660	163394
820	18680	163346
821	18702	163316
822	18725	163294
823	18748	163273
824	18770	163244
825	18802	163301
826	18827	163297
827	18863	163392
828	18886	163370
829	18916	163413
830	18939	163391
831	18961	163363
832	18983	163328
833	19003	163286
834	19024	163245
835	19044	163203
836	19067	163175
837	19089	163147
838	19108	163092
839	19130	163060
840	19153	163040
841	19175	163014
842	19197	162987
843	19218	162945
844	19240	162915
845	19261	162880
846	19284	162856
847	19304	162815
848	19323	162762
849	19343	162712
850	19368	162706
851	19389	162672
852	19409	162627
853	19448	162741
854	19470	162712
855	19491	162668
856	19512	162631
857	19534	162606
858	19554	162559
859	19576	162534
860	19599	162510
861	19622	162492
862	19644	162460
863	19667	162435
864	19689	162407
865	19711	162377
866	19737	162381
867	19760	162365
868	19783	162346
869	19806	162319
870	19827	162285
871	19848	162251
872	19885	162344
873	19909	162327
874	19930	162289
875	19950	162244
876	19970	162204
877	19991	162167
878	20014	162139
879	20039	162135
880	20059	162092
881	20081	162064
882	20103	162032
883	20124	161998
884	20149	161993
885	20181	162042
886	20200	161991
887	20221	161950
888	20242	161914
889	20267	161912
890	20293	161912
891	20315	161889
892	20339	161871
893	20362	161854
894	20385	161834
895	20408	161811
896	20436	161825
897	20459	161808
898	20483	161794
899	20507	161777
900	20528	161742
901	20553	161741
902	20584	161777
903	20609	161778
904	20631	161744
905	20652	161710
906	20675	161686
907	20703	161706
908	20798	162250
909	20843	162394
910	20877	162460
911	20905	162473
912	20933	162488
913	20962	162513
914	20990	162530
915	21015	162527
916	21043	162540
917	21083	162649
918	21129	162803
919	21159	162835
920	21186	162843
921	21217	162881
922	21255	162971
923	21293	163062
924	21324	163103
925	21355	163140
926	21382	163150
927	21410	163160
928	21435	163151
929	21465	163187
930	21490	163176
931	21519	163198
932	21545	163196
933	21569	163178
934	21592	163155
935	21613	163115
936	21635	163088
937	21658	163065
938	21680	163027
939	21702	163000
940	21723	162964
941	21745	162931
942	21766	162892
943	21788	162860
944	21810	162830
945	21832	162796
946	21853	162760
947	21877	162739
948	21898	162700
949	21919	162666
950	21940	162629
951	21962	162597
952	21984	162564
953	22005	162524
954	22033	162540
955	22057	162523
956	22078	162486
957	22099	162444
958	22121	162416
959	22143	162388
960	22171	162397
961	22191	162350
962	22212	162317
963	22233	162279
964	22255	162245
965	22277	162214
966	22298	162179
967	22322	162159
968	22343	162123
969	22365	162092
970	22386	162057
971	22407	162014
972	22429	161983
973	22451	161952
974	22472	161919
975	22494	161887
976	22514	161840
977	22535	161804
978	22558	161783
979	22580	161747
980	22603	161725
981	22624	161687
982	22645	161648
983	22666	161612
984	22690	161598
985	22714	161578
986	22733	161528
987	22756	161504
988	22777	161472
989	22798	161428
990	22822	161412
991	22843	161380
992	22867	161363
993	22889	161333
994	22912	161308
995	22935	161282
996	22954	161237
997	22975	161199
998	22997	161168
999	23019	161136
1000	23041	161107
1001	23061	161060
1002	23082	161021
1003	23103	160989
1004	23131	160996
1005	23155	160984
1006	23178	160957
1007	23200	160932
1008	23224	160912
1009	23245	160879
1010	23268	160857
1011	23291	160829
1012	23323	160866
1013	23344	160833
1014	23365	160793
1015	23385	160751
1016	23415	160775
1017	23438	160754
1018	23459	160717
1019	23479	160672
1020	23496	160611
1021	23519	160583
1022	23540	160549
1023	23567	160550
1024	23588	160514
1025	23608	160475
1026	23629	160436
1027	23651	160405
1028	23671	160366
1029	23693	160332
1030	23722	160350
1031	23746	160331
1032	23767	160300
1033	23794	160300
1034	23815	160262
1035	23835	160224
1036	23860	160210
1037	23890	160239
1038	23916	160234
1039	23945	160250
1040	23973	160262
1041	24000	160262
1042	24025	160251
1043	24048	160231
1044	24073	160223
1045	24100	160225
1046	24122	160194
1047	24144	160164
1048	24167	160144
1049	24194	160145
1050	24217	160120
1051	24240	160099
1052	24260	160056
1053	24283	160030
1054	24305	160004
1055	24327	159972
1056	24348	159937
1057	24369	159895
1058	24410	159996
1059	24435	159986
1060	24458	159956
1061	24476	159905
1062	24514	159977
1063	24537	159953
1064	24557	159913
1065	24577	159870
1066	24598	159835
1067	24622	159814
1068	24643	159776
1069	24666	159758
1070	24689	159730
1071	24712	159711
1072	24734	159681
1073	24755	159641
1074	24778	159619
1075	24799	159582
1076	24821	159551
1077	24842	159518
1078	24868	159514
1079	24892	159494
1080	24913	159462
1081	24933	159415
1082	24954	159382
1083	24975	159345
1084	24997	159315
1085	25018	159278
1086	25038	159234
1087	25057	159188
1088	25079	159156
1089	25114	159210
1090	25137	159189
1091	25162	159177
1092	25186	159159
1093	25208	159134
1094	25233	159118
1095	25256	159097
1096	25280	159083
1097	25303	159057
1098	25327	159039
1099	25347	158995
1100	25368	158964
1101	25390	158933
1102	25414	158915
1103	25436	158889
1104	25458	158857
1105	25481	158835
1106	25503	158804
1107	25525	158772
1108	25546	158736
1109	25567	158705
1110	25589	158675
1111	25615	158666
1112	25638	158645
1113	25663	158633
1114	25719	158816
1115	25743	158798
1116	25767	158778
1117	25788	158747
1118	25812	158726
1119	25837	158714
1120	25863	158711
1121	25884	158677
1122	25916	158707
1123	25939	158684
1124	25962	158658
1125	25985	158635
1126	26010	158621
1127	26032	158597
1128	26056	158577
1129	26077	158539
1130	26097	158497
1131	26120	158474
1132	26142	158449
1133	26163	158413
1134	26183	158371
1135	26205	158338
1136	26225	158296
1137	26245	158256
1138	26266	158224
1139	26288	158190
1140	26310	158163
1141	26331	158128
1142	26352	158090
1143	26373	158054
1144	26394	158020
1145	26415	157985
1146	26434	157939
1147	26456	157909
1148	26477	157873
1149	26497	157835
1150	26518	157800
1151	26539	157761
1152	26560	157729
1153	26581	157694
1154	26602	157657
1155	26623	157622
1156	26645	157595
1157	26666	157555
1158	26689	157535
1159	26712	157508
1160	26734	157480
1161	26753	157436
1162	26774	157399
1163	26798	157380
1164	26819	157349
1165	26845	157345
1166	26869	157326
1167	26894	157313
1168	26917	157292
1169	26940	157265
1170	26964	157247
1171	26991	157252
1172	27022	157272
1173	27044	157245
1174	27076	157271
1175	27104	157280
1176	27133	157290
1177	27158	157281
1178	27190	157310
1179	27219	157319
1180	27254	157366
1181	27302	157485
1182	27329	157484
1183	27353	157468
1184	27376	157443
1185	27398	157414
1186	27422	157397
1187	27445	157372
1188	27468	157347
1189	27491	157327
1190	27513	157293
1191	27534	157261
1192	27565	157282
1193	27588	157257
1194	27608	157219
1195	27628	157176
1196	27649	157143
1197	27670	157107
1198	27691	157072
1199	27711	157033
1200	27748	157088
1201	27769	157054
1202	27790	157019
1203	27813	156994
1204	27837	156976
1205	27857	156935
1206	27878	156900
1207	27900	156873
1208	27923	156849
1209	27945	156818
1210	27968	156793
1211	27992	156775
1212	28016	156758
1213	28037	156725
1214	28061	156703
1215	28083	156673
1216	28108	156665
1217	28131	156642
1218	28155	156622
1219	28176	156586
1220	28198	156559
1221	28219	156521
1222	28242	156499
1223	28265	156477
1224	28288	156455
1225	28310	156425
1226	28333	156401
1227	28356	156377
1228	28378	156347
1229	28400	156320
1230	28421	156285
1231	28443	156253
1232	28466	156228
1233	28489	156205
1234	28511	156176
1235	28536	156163
1236	28559	156142
1237	28582	156116
1238	28606	156098
1239	28628	156070
1240	28649	156039
1241	28673	156020
1242	28695	155991
1243	28716	155954
1244	28737	155920
1245	28759	155894
1246	28782	155870
1247	28808	155860
1248	28830	155830
1249	28852	155800
1250	28873	155767
1251	28908	155808
1252	28929	155777
1253	28952	155754
1254	28973	155720
1255	28997	155699
1256	29021	155682
1257	29041	155644
1258	29063	155615
1259	29087	155596
1260	29110	155572
1261	29132	155542
1262	29152	155501
1263	29173	155468
1264	29195	155442
1265	29220	155424
1266	29243	155405
1267	29264	155367
1268	29290	155359
1269	29312	155335
1270	29338	155324
1271	29361	155303
1272	29384	155280
1273	29407	155252
1274	29428	155222
1275	29452	155203
1276	29474	155174
1277	29497	155150
1278	29528	155168
1279	29552	155148
1280	29574	155121
1281	29593	155078
1282	29616	155054
1283	29637	155018
1284	29658	154986
1285	29680	154955
1286	29700	154916
1287	29722	154889
1288	29746	154872
1289	29770	154853
1290	29792	154825
1291	29811	154781
1292	29839	154780
1293	29860	154750
1294	29882	154718
1295	29903	154685
1296	29925	154656
1297	29945	154618
1298	29966	154587
1299	29988	154553
1300	30010	154529
1301	30031	154496
1302	30052	154459
1303	30073	154425
1304	30096	154401
1305	30119	154377
1306	30140	154348
1307	30163	154321
1308	30185	154293
1309	30208	154270
1310	30230	154243
1311	30251	154209
1312	30272	154175
1313	30294	154149
1314	30317	154123
1315	30340	154099
1316	30362	154074
1317	30384	154044
1318	30405	154008
1319	30426	153978
1320	30450	153959
1321	30472	153929
1322	30493	153895
1323	30516	153875
1324	30538	153844
1325	30561	153823
1326	30583	153795
1327	30607	153772
1328	30628	153740
1329	30650	153713
1330	30674	153696
1331	30697	153673
1332	30720	153647
1333	30740	153612
1334	30768	153613
1335	30789	153579
1336	30815	153568
1337	30841	153559
1338	30863	153535
1339	30885	153504
1340	30904	153463
1341	30927	153441
1342	30961	153469
1343	30982	153438
1344	31002	153401
1345	31022	153360
1346	31047	153345
1347	31068	153313
1348	31091	153293
1349	31115	153274
1350	31136	153241
1351	31166	153250
1352	31192	153239
1353	31215	153219
1354	31238	153195
1355	31274	153236
1356	31298	153219
1357	31325	153215
1358	31347	153185
1359	31368	153152
1360	31391	153127
1361	31414	153104
1362	31435	153072
1363	31458	153049
1364	31481	153024
1365	31503	152996
1366	31527	152977
1367	31550	152954
1368	31572	152928
1369	31596	152909
1370	31617	152875
1371	31639	152848
1372	31662	152825
1373	31685	152802
1374	31713	152800
1375	31735	152774
1376	31759	152754
1377	31782	152730
1378	31803	152697
1379	31833	152710
1380	31855	152679
1381	31887	152697
1382	31909	152672
1383	31932	152648
1384	31954	152618
1385	31975	152587
1386	31993	152542
1387	32008	152476
1388	32029	152443
1389	32045	152389
1390	32067	152360
1391	32089	152331
1392	32113	152312
1393	32136	152288
1394	32158	152264
1395	32180	152232
1396	32200	152196
1397	32223	152173
1398	32247	152153
1399	32269	152127
1400	32295	152119
1401	32321	152110
1402	32344	152086
1403	32367	152061
1404	32392	152049
1405	32413	152016
1406	32435	151986
1407	32466	152004
1408	32484	151953
1409	32509	151943
1410	32532	151920
1411	32554	151890
1412	32575	151859
1413	32602	151852
1414	32633	151865
1415	32653	151830
1416	32674	151798
1417	32698	151778
1418	32720	151748
1419	32742	151720
1420	32763	151690
1421	32783	151653
1422	32805	151623
1423	32830	151610
1424	32872	151673
1425	32894	151645
1426	32915	151615
1427	32937	151585
1428	32961	151565
1429	32984	151543
1430	33008	151527
1431	33033	151509
1432	33059	151499
1433	33083	151483
1434	33108	151466
1435	33128	151431
1436	33151	151409
1437	33173	151382
1438	33196	151355
1439	33217	151323
1440	33237	151285
1441	33253	151231
1442	33274	151199
1443	33296	151170
1444	33317	151138
1445	33340	151113
1446	33362	151086
1447	33386	151067
1448	33408	151039
1449	33430	151011
1450	33451	150983
1451	33475	150960
1452	33499	150941
1453	33519	150905
1454	33541	150879
1455	33563	150851
1456	33584	150819
1457	33606	150792
1458	33628	150761
1459	33650	150735
1460	33663	150668
1461	33684	150637
1462	33708	150618
1463	33755	150699
1464	33779	150682
1465	33802	150657
1466	33824	150632
1467	33846	150603
1468	33869	150577
1469	33892	150554
1470	33914	150527
1471	33935	150495
1472	33956	150466
1473	33977	150431
1474	33997	150396
1475	34022	150382
1476	34046	150362
1477	34067	150328
1478	34090	150309
1479	34112	150281
1480	34135	150256
1481	34172	150296
1482	34196	150274
1483	34219	150251
1484	34242	150230
1485	34265	150207
1486	34287	150179
1487	34311	150157
1488	34333	150131
1489	34346	150064
1490	34369	150041
1491	34394	150026
1492	34416	150000
1493	34440	149979
1494	34463	149956
1495	34481	149911
1496	34500	149871
1497	34523	149847
1498	34546	149822
1499	34568	149796
1500	34589	149766
1501	34609	149728
1502	34629	149690
1503	34652	149670
1504	34673	149639
1505	34687	149576
1506	34706	149535
1507	34726	149498
1508	34748	149470
1509	34771	149446
1510	34793	149419
1511	34815	149392
1512	34839	149372
1513	34861	149345
1514	34883	149320
1515	34907	149299
1516	34927	149265
1517	34951	149245
1518	34975	149226
1519	34998	149202
1520	35012	149143
1521	35034	149115
1522	35059	149100
1523	35085	149088
1524	35107	149064
1525	35130	149041
1526	35155	149024
1527	35178	149002
1528	35202	148981
1529	35224	148956
1530	35246	148928
1531	35277	148938
1532	35302	148923
1533	35324	148897
1534	35347	148873
1535	35373	148863
1536	35398	148850
1537	35426	148847
1538	35453	148839
1539	35478	148827
1540	35506	148822
1541	35531	148807
1542	35562	148817
1543	35592	148826
1544	35619	148817
1545	35645	148808
1546	35733	149056
1547	35767	149078
1548	35783	149025
1549	35806	149001
1550	35831	148985
1551	35855	148967
1552	35882	148959
1553	35908	148948
1554	35931	148923
1555	35943	148855
1556	35963	148821
1557	35986	148797
1558	36035	148881
1559	36053	148834
1560	36081	148834
1561	36124	148892
1562	36149	148876
1563	36170	148844
1564	36194	148825
1565	36219	148808
1566	36243	148790
1567	36267	148771
1568	36292	148753
1569	36318	148745
1570	36346	148741
1571	36372	148729
1572	36399	148722
1573	36426	148714
1574	36452	148702
1575	36476	148684
1576	36502	148672
1577	36519	148624
1578	36542	148600
1579	36566	148582
1580	36592	148567
1581	36617	148554
1582	36649	148566
1583	36675	148556
1584	36698	148532
1585	36723	148513
1586	36746	148489
1587	36769	148468
1588	36785	148414
1589	36807	148389
1590	36830	148362
1591	36853	148338
1592	36880	148334
1593	36906	148321
1594	36929	148295
1595	36952	148273
1596	36976	148253
1597	36996	148219
1598	37016	148180
1599	37036	148146
1600	37059	148121
1601	37083	148102
1602	37106	148079
1603	37149	148133
1604	37171	148105
1605	37184	148045
1606	37205	148012
1607	37241	148037
1608	37264	148017
1609	37287	147991
1610	37310	147966
1611	37331	147938
1612	37356	147919
1613	37377	147890
1614	37401	147867
1615	37423	147840
1616	37444	147808
1617	37466	147782
1618	37489	147757
1619	37530	147803
1620	37553	147782
1621	37576	147758
1622	37598	147730
1623	37620	147700
1624	37643	147677
1625	37666	147653
1626	37685	147613
1627	37708	147592
1628	37728	147555
1629	37747	147517
1630	37767	147480
1631	37789	147453
1632	37812	147428
1633	37834	147402
1634	37859	147386
1635	37882	147363
1636	37905	147339
1637	37927	147309
1638	37948	147277
1639	37969	147247
1640	37992	147224
1641	38013	147190
1642	38034	147161
1643	38059	147143
1644	38083	147125
1645	38107	147104
1646	38126	147067
1647	38148	147036
1648	38170	147010
1649	38191	146980
1650	38212	146949
1651	38232	146914
1652	38257	146896
1653	38280	146871
1654	38302	146845
1655	38325	146822
1656	38345	146787
1657	38365	146752
1658	38410	146812
1659	38451	146855
1660	38484	146870
1661	38499	146818
1662	38526	146808
1663	38551	146794
1664	38570	146754
1665	38596	146739
1666	38622	146726
1667	38649	146718
1668	38673	146699
1669	38698	146683
1670	38727	146682
1671	38755	146676
1672	38781	146663
1673	38806	146649
1674	38831	146634
1675	38856	146615
1676	38879	146591
1677	38903	146572
1678	38928	146554
1679	38953	146537
1680	38976	146513
1681	38995	146476
1682	39016	146445
1683	39045	146443
1684	39070	146427
1685	39091	146395
1686	39114	146371
1687	39135	146340
1688	39158	146316
1689	39180	146288
1690	39201	146258
1691	39219	146214
1692	39241	146187
1693	39263	146160
1694	39286	146137
1695	39307	146105
1696	39327	146071
1697	39348	146038
1698	39374	146027
1699	39407	146040
1700	39428	146009
1701	39452	145989
1702	39475	145965
1703	39498	145941
1704	39521	145916
1705	39542	145885
1706	39565	145860
1707	39587	145835
1708	39608	145801
1709	39627	145766
1710	39645	145723
1711	39671	145708
1712	39692	145677
1713	39717	145661
1714	39739	145635
1715	39762	145610
1716	39786	145591
1717	39811	145572
1718	39834	145548
1719	39854	145513
1720	39877	145492
1721	39902	145474
1722	39924	145448
1723	39946	145420
1724	39966	145385
1725	39988	145359
1726	40001	145297
1727	40021	145261
1728	40041	145229
1729	40064	145206
1730	40084	145168
1731	40104	145136
1732	40126	145106
1733	40149	145084
1734	40173	145063
1735	40192	145027
1736	40215	145003
1737	40238	144978
1738	40251	144918
1739	40271	144883
1740	40292	144854
1741	40315	144828
1742	40337	144803
1743	40358	144770
1744	40379	144740
1745	40400	144712
1746	40422	144682
1747	40442	144650
1748	40463	144618
1749	40484	144588
1750	40509	144571
1751	40552	144617
1752	40577	144600
1753	40600	144577
1754	40624	144556
1755	40645	144527
1756	40667	144500
1757	40687	144467
1758	40709	144438
1759	40730	144407
1760	40753	144386
1761	40777	144364
1762	40801	144345
1763	40823	144317
1764	40844	144285
1765	40865	144256
1766	40887	144228
1767	40908	144197
1768	40931	144174
1769	40956	144158
1770	40979	144134
1771	41002	144110
1772	41024	144084
1773	41078	144169
1774	41102	144147
1775	41130	144141
1776	41153	144119
1777	41174	144089
1778	41196	144060
1779	41219	144036
1780	41241	144009
1781	41263	143983
1782	41285	143955
1783	41307	143927
1784	41331	143907
1785	41354	143883
1786	41375	143854
1787	41396	143822
1788	41418	143794
1789	41440	143767
1790	41462	143739
1791	41483	143710
1792	41504	143680
1793	41525	143650
1794	41547	143623
1795	41569	143594
1796	41590	143564
1797	41610	143532
1798	41632	143503
1799	41656	143483
1800	41679	143459
1801	41699	143426
1802	41720	143395
1803	41740	143363
1804	41762	143335
1805	41784	143306
1806	41805	143276
1807	41826	143244
1808	41849	143224
1809	41871	143196
1810	41893	143168
1811	41917	143147
1812	41939	143120
1813	41960	143092
1814	41983	143067
1815	42005	143040
1816	42027	143013
1817	42049	142988
1818	42074	142968
1819	42101	142959
1820	42125	142940
1821	42150	142922
1822	42176	142910
1823	42202	142896
1824	42232	142897
1825	42259	142885
1826	42287	142878
1827	42315	142874
1828	42346	142877
1829	42376	142874
1830	42408	142884
1831	42443	142898
1832	42474	142903
1833	42503	142897
1834	42524	142869
1835	42545	142837
1836	42564	142801
1837	42585	142771
1838	42607	142741
1839	42630	142719
1840	42652	142693
1841	42683	142695
1842	42705	142669
1843	42730	142650
1844	42754	142629
1845	42777	142608
1846	42799	142581
1847	42821	142554
1848	42844	142529
1849	42865	142497
1850	42886	142469
1851	42908	142439
1852	42941	142451
1853	42964	142427
1854	42986	142400
1855	43007	142368
1856	43031	142348
1857	43056	142331
1858	43078	142305
1859	43098	142271
1860	43119	142239
1861	43141	142213
1862	43168	142205
1863	43193	142185
1864	43218	142170
1865	43243	142151
1866	43280	142173
1867	43305	142155
1868	43327	142130
1869	43347	142096
1870	43368	142067
1871	43387	142030
1872	43409	142002
1873	43430	141973
1874	43451	141940
1875	43487	141961
1876	43509	141933
1877	43531	141906
1878	43556	141888
1879	43577	141857
1880	43596	141821
1881	43622	141807
1882	43643	141778
1883	43666	141753
1884	43687	141724
1885	43708	141693
1886	43730	141665
1887	43752	141638
1888	43771	141603
1889	43792	141572
1890	43813	141543
1891	43834	141512
1892	43856	141484
1893	43878	141457
1894	43899	141428
1895	43933	141440
1896	43959	141424
1897	43981	141399
1898	44002	141369
1899	44027	141351
1900	44051	141330
1901	44073	141305
1902	44096	141280
1903	44117	141251
1904	44139	141222
1905	44162	141199
1906	44184	141171
1907	44205	141142
1908	44225	141110
1909	44246	141078
1910	44268	141052
1911	44291	141028
1912	44314	141003
1913	44335	140974
1914	44357	140947
1915	44378	140918
1916	44400	140890
1917	44423	140866
1918	44444	140838
1919	44464	140802
1920	44484	140772
1921	44508	140749
1922	44530	140723
1923	44551	140694
1924	44573	140667
1925	44596	140644
1926	44618	140615
1927	44641	140594
1928	44663	140566
1929	44686	140541
1930	44709	140519
1931	44727	140480
1932	44749	140452
1933	44771	140427
1934	44795	140406
1935	44818	140381
1936	44836	140342
1937	44858	140314
1938	44875	140273
1939	44896	140242
1940	44918	140218
1941	44942	140195
1942	44954	140140
1943	44983	140134
1944	45007	140112
1945	45028	140084
1946	45052	140062
1947	45075	140040
1948	45094	140004
1949	45117	139979
1950	45141	139959
1951	45162	139930
1952	45184	139903
1953	45207	139880
1954	45220	139823
1955	45242	139797
1956	45263	139769
1957	45285	139743
1958	45306	139712
1959	45328	139686
1960	45350	139658
1961	45375	139641
1962	45396	139612
1963	45418	139586
1964	45440	139558
1965	45464	139538
1966	45487	139516
1967	45510	139490
1968	45532	139465
1969	45557	139446
1970	45599	139481
1971	45624	139464
1972	45647	139441
1973	45670	139417
1974	45692	139390
1975	45715	139367
1976	45739	139347
1977	45762	139323
1978	45785	139298
1979	45808	139276
1980	45830	139249
1981	45855	139231
1982	45878	139207
1983	45901	139185
1984	45922	139156
1985	45945	139132
1986	45970	139115
1987	45994	139093
1988	46017	139071
1989	46042	139054
1990	46062	139019
1991	46085	138997
1992	46106	138966
1993	46130	138946
1994	46153	138922
1995	46173	138889
1996	46194	138860
1997	46216	138833
1998	46238	138808
1999	46261	138784
2000	46283	138756
2001	46319	138772
2002	46340	138743
2003	46361	138714
2004	46383	138687
2005	46431	138738
2006	46466	138751
2007	46489	138728
2008	46512	138704
2009	46538	138688
2010	46559	138658
2011	46581	138633
2012	46602	138603
2013	46622	138572
2014	46644	138544
2015	46667	138520
2016	46689	138493
2017	46710	138465
2018	46734	138445
2019	46746	138388
2020	46767	138357
2021	46788	138330
2022	46808	138296
2023	46827	138261
2024	46842	138213
2025	46862	138182
2026	46887	138163
2027	46909	138137
2028	46932	138113
2029	46953	138084
2030	46974	138056
2031	46995	138027
2032	47021	138011
2033	47045	137989
2034	47069	137969
2035	47091	137945
2036	47115	137924
2037	47138	137900
2038	47158	137866
2039	47178	137834
2040	47201	137812
2041	47224	137789
2042	47245	137758
2043	47264	137724
2044	47284	137692
2045	47306	137664
2046	47326	137633
2047	47348	137607
2048	47369	137577
2049	47389	137546
2050	47402	137492
2051	47422	137461
2052	47444	137434
2053	47468	137412
2054	47488	137381
2055	47509	137352
2056	47534	137334
2057	47556	137308
2058	47580	137287
2059	47610	137285
2060	47648	137305
2061	47675	137292
2062	47701	137276
2063	47726	137260
2064	47752	137245
2065	47777	137228
2066	47802	137209
2067	47826	137189
2068	47854	137181
2069	47881	137168
2070	47908	137154
2071	47932	137135
2072	47955	137111
2073	47984	137104
2074	48013	137099
2075	48048	137108
2076	48070	137083
2077	48092	137057
2078	48113	137028
2079	48135	137001
2080	48157	136973
2081	48181	136952
2082	48203	136926
2083	48223	136896
2084	48244	136867
2085	48266	136840
2086	48299	136846
2087	48322	136821
2088	48344	136794
2089	48375	136794
2090	48398	136770
2091	48420	136742
2092	48442	136718
2093	48463	136687
2094	48483	136656
2095	48505	136629
2096	48529	136608
2097	48553	136588
2098	48576	136566
2099	48605	136558
2100	48633	136548
2101	48659	136533
2102	48680	136504
2103	48703	136480
2104	48724	136452
2105	48749	136434
2106	48771	136407
2107	48795	136386
2108	48816	136356
2109	48836	136325
2110	48857	136297
2111	48879	136269
2112	48900	136239
2113	48937	136255
2114	48961	136235
2115	49001	136259
2116	49024	136235
2117	49047	136211
2118	49069	136184
2119	49090	136157
2120	49111	136126
2121	49133	136100
2122	49153	136070
2123	49174	136040
2124	49203	136033
2125	49225	136006
2126	49247	135981
2127	49269	135953
2128	49292	135930
2129	49314	135905
2130	49342	135893
2131	49372	135890
2132	49396	135870
2133	49419	135844
2134	49439	135814
2135	49460	135786
2136	49482	135757
2137	49505	135734
2138	49528	135711
2139	49547	135677
2140	49568	135646
2141	49588	135616
2142	49610	135591
2143	49632	135563
2144	49651	135528
2145	49671	135498
2146	49694	135474
2147	49716	135447
2148	49738	135420
2149	49760	135395
2150	49772	135341
2151	49791	135307
2152	49813	135281
2153	49836	135257
2154	49861	135238
2155	49881	135206
2156	49902	135178
2157	49925	135156
2158	49948	135130
2159	49969	135102
2160	49992	135078
2161	50013	135050
2162	50036	135027
2163	50058	135001
2164	50080	134974
2165	50105	134955
2166	50131	134939
2167	50153	134915
2168	50176	134890
2169	50194	134854
2170	50214	134823
2171	50236	134797
2172	50259	134772
2173	50280	134743
2174	50343	134827
2175	50392	134872
2176	50430	134890
2177	50487	134958
2178	50532	134992
2179	50586	135051
2180	50691	135247
2181	50773	135380
2182	50810	135392
2183	50843	135396
2184	50870	135383
2185	50900	135377
2186	50922	135351
2187	50946	135329
2188	50970	135307
2189	50994	135287
2190	51037	135314
2191	51061	135293
2192	51087	135278
2193	51113	135262
2194	51136	135238
2195	51158	135210
2196	51180	135183
2197	51202	135157
2198	51225	135134
2199	51247	135107
2200	51270	135081
2201	51292	135055
2202	51314	135028
2203	51337	135006
2204	51359	134977
2205	51382	134954
2206	51405	134931
2207	51428	134906
2208	51448	134874
2209	51470	134848
2210	51492	134820
2211	51516	134799
2212	51543	134785
2213	51565	134758
2214	51591	134743
2215	51617	134727
2216	51642	134708
2217	51665	134684
2218	51690	134664
2219	51716	134648
2220	51731	134603
2221	51755	134584
2222	51796	134605
2223	51824	134594
2224	51846	134567
2225	51867	134539
2226	51900	134539
2227	51924	134518
2228	51946	134492
2229	51967	134463
2230	51989	134436
2231	52013	134415
2232	52038	134396
2233	52059	134367
2234	52085	134349
2235	52108	134326
2236	52131	134303
2237	52182	134349
2238	52203	134321
2239	52224	134292
2240	52246	134265
2241	52269	134240
2242	52291	134214
2243	52320	134204
2244	52345	134187
2245	52370	134167
2246	52396	134151
2247	52420	134129
2248	52434	134082
2249	52458	134060
2250	52480	134034
2251	52501	134004
2252	52520	133971
2253	52539	133936
2254	52560	133906
2255	52581	133877
2256	52602	133849
2257	52624	133822
2258	52646	133796
2259	52667	133767
2260	52689	133739
2261	52724	133744
2262	52749	133727
2263	52771	133700
2264	52793	133674
2265	52814	133644
2266	52836	133617
2267	52858	133592
2268	52882	133569
2269	52904	133541
2270	52924	133512
2271	52947	133487
2272	52969	133459
2273	52991	133433
2274	53013	133408
2275	53034	133379
2276	53056	133350
2277	53077	133323
2278	53099	133296
2279	53119	133265
2280	53139	133232
2281	53160	133202
2282	53183	133180
2283	53205	133152
2284	53225	133122
2285	53246	133093
2286	53267	133063
2287	53288	133033
2288	53308	133003
2289	53327	132970
2290	53347	132938
2291	53367	132905
2292	53388	132876
2293	53407	132842
2294	53428	132815
2295	53450	132787
2296	53471	132758
2297	53494	132734
2298	53515	132706
2299	53536	132677
2300	53557	132647
2301	53579	132621
2302	53602	132598
2303	53622	132567
2304	53646	132544
2305	53667	132517
2306	53689	132490
2307	53711	132464
2308	53733	132436
2309	53755	132409
2310	53776	132382
2311	53798	132355
2312	53819	132326
2313	53839	132295
2314	53862	132271
2315	53883	132243
2316	53906	132217
2317	53929	132194
2318	53966	132204
2319	53988	132178
2320	54011	132153
2321	54031	132123
2322	54052	132094
2323	54072	132063
2324	54094	132036
2325	54115	132009
2326	54137	131982
2327	54159	131954
2328	54180	131926
2329	54201	131897
2330	54224	131873
2331	54247	131849
2332	54267	131818
2333	54278	131765
2334	54296	131729
2335	54318	131703
2336	54339	131675
2337	54362	131650
2338	54383	131623
2339	54403	131592
2340	54424	131563
2341	54445	131533
2342	54465	131503
2343	54485	131472
2344	54506	131442
2345	54528	131417
2346	54550	131390
2347	54571	131362
2348	54593	131336
2349	54616	131313
2350	54638	131286
2351	54662	131265
2352	54683	131235
2353	54703	131204
2354	54726	131179
2355	54748	131155
2356	54770	131128
2357	54792	131103
2358	54814	131075
2359	54835	131048
2360	54858	131023
2361	54882	131001
2362	54904	130975
2363	54925	130948
2364	54947	130921
2365	54976	130911
2366	54999	130889
2367	55022	130863
2368	55041	130831
2369	55064	130807
2370	55086	130781
2371	55109	130756
2372	55120	130705
2373	55140	130674
2374	55163	130649
2375	55183	130620
2376	55204	130591
2377	55226	130565
2378	55247	130536
2379	55267	130505
2380	55287	130475
2381	55310	130450
2382	55333	130427
2383	55354	130399
2384	55372	130362
2385	55396	130341
2386	55412	130301
2387	55431	130269
2388	55453	130242
2389	55476	130219
2390	55497	130189
2391	55518	130162
2392	55538	130132
2393	55562	130110
2394	55585	130085
2395	55607	130060
2396	55630	130036
2397	55651	130009
2398	55676	129988
2399	55698	129962
2400	55719	129934
2401	55742	129910
2402	55765	129887
2403	55787	129861
2404	55805	129826
2405	55827	129800
2406	55849	129774
2407	55872	129749
2408	55895	129726
2409	55915	129696
2410	55936	129668
2411	55959	129645
2412	55981	129618
2413	56005	129595
2414	56023	129560
2415	56045	129535
2416	56066	129507
2417	56089	129484
2418	56113	129461
2419	56131	129427
2420	56153	129401
2421	56175	129375
2422	56197	129348
2423	56218	129321
2424	56238	129291
2425	56260	129264
2426	56298	129275
2427	56322	129253
2428	56344	129227
2429	56365	129199
2430	56395	129192
2431	56418	129168
2432	56441	129146
2433	56461	129113
2434	56482	129086
2435	56505	129061
2436	56529	129040
2437	56551	129014
2438	56576	128995
2439	56598	128971
2440	56623	128950
2441	56648	128932
2442	56676	128920
2443	56699	128896
2444	56723	128875
2445	56746	128851
2446	56768	128826
2447	56792	128804
2448	56814	128778
2449	56838	128757
2450	56863	128737
2451	56887	128716
2452	56912	128696
2453	56934	128671
2454	56958	128648
2455	56981	128624
2456	57001	128595
2457	57024	128572
2458	57046	128546
2459	57067	128518
2460	57092	128499
2461	57112	128469
2462	57135	128445
2463	57157	128418
2464	57179	128392
2465	57202	128369
2466	57225	128345
2467	57247	128320
2468	57272	128299
2469	57298	128283
2470	57325	128268
2471	57351	128252
2472	57384	128250
2473	57417	128250
2474	57441	128227
2475	57465	128206
2476	57501	128210
2477	57532	128206
2478	57564	128201
2479	57602	128211
2480	57637	128214
2481	57663	128198
2482	57686	128174
2483	57711	128154
2484	57735	128133
2485	57756	128105
2486	57780	128083
2487	57802	128056
2488	57825	128034
2489	57849	128012
2490	57871	127986
2491	57893	127961
2492	57917	127938
2493	57940	127914
2494	57963	127890
2495	57986	127866
2496	58009	127843
2497	58029	127814
2498	58051	127787
2499	58079	127774
2500	58103	127752
2501	58126	127729
2502	58149	127706
2503	58171	127679
2504	58193	127654
2505	58215	127627
2506	58236	127600
2507	58267	127592
2508	58288	127566
2509	58309	127537
2510	58331	127511
2511	58354	127488
2512	58377	127464
2513	58400	127439
2514	58422	127415
2515	58444	127387
2516	58467	127364
2517	58491	127342
2518	58512	127316
2519	58535	127292
2520	58559	127270
2521	58584	127249
2522	58596	127203
2523	58621	127183
2524	58645	127161
2525	58666	127134
2526	58689	127110
2527	58712	127086
2528	58733	127058
2529	58756	127034
2530	58779	127011
2531	58802	126988
2532	58826	126964
2533	58848	126938
2534	58872	126919
2535	58905	126916
2536	58929	126895
2537	58953	126872
2538	58976	126848
2539	59004	126836
2540	59027	126813
2541	59051	126790
2542	59074	126766
2543	59097	126742
2544	59122	126724
2545	59146	126702
2546	59168	126675
2547	59184	126638
2548	59204	126608
2549	59228	126587
2550	59253	126566
2551	59276	126542
2552	59298	126516
2553	59321	126492
2554	59343	126467
2555	59364	126439
2556	59388	126417
2557	59412	126395
2558	59435	126373
2559	59459	126351
2560	59483	126329
2561	59506	126306
2562	59528	126279
2563	59550	126255
2564	59573	126230
2565	59597	126208
2566	59619	126183
2567	59641	126158
2568	59663	126132
2569	59687	126109
2570	59709	126084
2571	59732	126061
2572	59755	126037
2573	59778	126012
2574	59802	125990
2575	59822	125961
2576	59844	125936
2577	59867	125913
2578	59889	125886
2579	59909	125856
2580	59929	125826
2581	59959	125818
2582	59985	125799
2583	60007	125774
2584	60027	125743
2585	60048	125716
2586	60071	125692
2587	60093	125665
2588	60114	125639
2589	60137	125614
2590	60158	125588
2591	60180	125562
2592	60203	125538
2593	60224	125509
2594	60244	125479
2595	60267	125455
2596	60289	125431
2597	60312	125407
2598	60334	125382
2599	60357	125358
2600	60380	125334
2601	60405	125314
2602	60426	125287
2603	60449	125263
2604	60471	125237
2605	60492	125209
2606	60515	125186
2607	60537	125159
2608	60548	125112
2609	60569	125084
2610	60592	125060
2611	60614	125035
2612	60636	125009
2613	60656	124979
2614	60677	124951
2615	60701	124929
2616	60725	124907
2617	60748	124884
2618	60769	124857
2619	60791	124831
2620	60813	124805
2621	60836	124781
2622	60858	124755
2623	60879	124728
2624	60902	124705
2625	60924	124679
2626	60945	124650
2627	60958	124608
2628	60982	124585
2629	61004	124560
2630	61026	124535
2631	61050	124512
2632	61072	124486
2633	61094	124461
2634	61116	124436
2635	61137	124409
2636	61157	124379
2637	61180	124355
2638	61202	124330
2639	61226	124307
2640	61250	124285
2641	61271	124258
2642	61291	124229
2643	61314	124205
2644	61337	124182
2645	61361	124159
2646	61384	124137
2647	61406	124110
2648	61428	124085
2649	61450	124059
2650	61472	124034
2651	61494	124010
2652	61516	123984
2653	61537	123956
2654	61559	123931
2655	61582	123906
2656	61603	123880
2657	61624	123851
2658	61650	123834
2659	61670	123805
2660	61690	123774
2661	61710	123746
2662	61733	123721
2663	61756	123698
2664	61776	123668
2665	61797	123641
2666	61818	123614
2667	61840	123588
2668	61867	123572
2669	61887	123543
2670	61908	123515
2671	61930	123490
2672	61954	123467
2673	61977	123445
2674	61998	123417
2675	62020	123391
2676	62040	123363
2677	62064	123340
2678	62092	123327
2679	62115	123303
2680	62136	123276
2681	62157	123248
2682	62180	123225
2683	62210	123215
2684	62231	123187
2685	62251	123159
2686	62273	123133
2687	62298	123114
2688	62318	123085
2689	62339	123056
2690	62366	123040
2691	62389	123018
2692	62412	122995
2693	62434	122968
2694	62455	122940
2695	62478	122917
2696	62499	122889
2697	62519	122861
2698	62542	122836
2699	62565	122813
2700	62587	122788
2701	62613	122769
2702	62633	122740
2703	62655	122715
2704	62678	122691
2705	62699	122664
2706	62721	122639
2707	62746	122619
2708	62766	122589
2709	62787	122562
2710	62814	122548
2711	62836	122522
2712	62861	122502
2713	62886	122482
2714	62908	122457
2715	62930	122430
2716	62952	122406
2717	62975	122382
2718	62998	122358
2719	63020	122333
2720	63043	122310
2721	63066	122286
2722	63105	122293
2723	63128	122271
2724	63150	122246
2725	63171	122217
2726	63192	122189
2727	63213	122163
2728	63235	122137
2729	63257	122111
2730	63279	122087
2731	63301	122062
2732	63325	122040
2733	63349	122019
2734	63372	121995
2735	63397	121975
2736	63419	121950
2737	63442	121927
2738	63464	121901
2739	63497	121897
2740	63519	121871
2741	63542	121848
2742	63565	121825
2743	63590	121804
2744	63610	121776
2745	63646	121776
2746	63670	121755
2747	63694	121733
2748	63718	121711
2749	63737	121680
2750	63760	121656
2751	63783	121633
2752	63806	121610
2753	63828	121584
2754	63849	121557
2755	63884	121556
2756	63906	121530
2757	63928	121506
2758	63951	121482
2759	63974	121459
2760	63996	121432
2761	64022	121415
2762	64046	121393
2763	64067	121365
2764	64088	121338
2765	64110	121313
2766	64132	121288
2767	64168	121288
2768	64189	121263
2769	64211	121236
2770	64232	121209
2771	64254	121183
2772	64275	121156
2773	64298	121132
2774	64319	121105
2775	64340	121078
2776	64362	121053
2777	64384	121028
2778	64406	121003
2779	64429	120979
2780	64451	120954
2781	64475	120932
2782	64496	120905
2783	64517	120877
2784	64542	120857
2785	64565	120833
2786	64588	120811
2787	64611	120787
2788	64635	120765
2789	64658	120741
2790	64681	120719
2791	64702	120690
2792	64726	120669
2793	64754	120655
2794	64780	120637
2795	64807	120621
2796	64828	120594
2797	64849	120567
2798	64872	120544
2799	64896	120521
2800	64916	120493
2801	64935	120462
2802	64956	120435
2803	64979	120410
2804	65000	120383
2805	65024	120361
2806	65045	120334
2807	65067	120310
2808	65090	120285
2809	65112	120261
2810	65135	120237
2811	65158	120213
2812	65180	120189
2813	65203	120165
2814	65227	120143
2815	65250	120120
2816	65273	120097
2817	65297	120075
2818	65320	120051
2819	65342	120026
2820	65371	120013
2821	65396	119993
2822	65418	119968
2823	65440	119944
2824	65463	119918
2825	65484	119892
2826	65506	119867
2827	65548	119878
2828	65606	119919
2829	65635	119906
2830	65659	119885
2831	65682	119861
2832	65711	119848
2833	65742	119838
2834	65767	119820
2835	65793	119801
2836	65817	119780
2837	65844	119763
2838	65868	119741
2839	65896	119728
2840	65940	119741
2841	65968	119728
2842	66002	119723
2843	66031	119710
2844	66053	119686
2845	66076	119661
2846	66100	119639
2847	66123	119616
2848	66147	119594
2849	66171	119572
2850	66194	119549
2851	66220	119531
2852	66243	119508
2853	66262	119477
2854	66292	119466
2855	66317	119445
2856	66343	119428
2857	66365	119402
2858	66388	119378
2859	66410	119353
2860	66432	119327
2861	66454	119301
2862	66475	119274
2863	66496	119248
2864	66522	119229
2865	66551	119216
2866	66576	119197
2867	66599	119173
2868	66622	119149
2869	66646	119127
2870	66671	119106
2871	66695	119086
2872	66721	119067
2873	66746	119048
2874	66771	119027
2875	66796	119007
2876	66821	118986
2877	66845	118966
2878	66871	118946
2879	66894	118924
2880	66917	118900
2881	66951	118895
2882	66975	118873
2883	66998	118850
2884	67020	118825
2885	67033	118784
2886	67055	118757
2887	67094	118763
2888	67122	118747
2889	67143	118720
2890	67163	118692
2891	67185	118666
2892	67207	118640
2893	67241	118636
2894	67265	118615
2895	67297	118607
2896	67321	118585
2897	67342	118557
2898	67362	118529
2899	67383	118501
2900	67407	118480
2901	67429	118454
2902	67451	118429
2903	67473	118403
2904	67497	118381
2905	67519	118357
2906	67544	118335
2907	67564	118307
2908	67589	118286
2909	67612	118263
2910	67634	118237
2911	67658	118216
2912	67683	118196
2913	67709	118177
2914	67733	118156
2915	67758	118135
2916	67780	118109
2917	67802	118085
2918	67825	118061
2919	67848	118037
2920	67872	118015
2921	67895	117992
2922	67916	117965
2923	67941	117945
2924	67964	117921
2925	67986	117895
2926	68005	117865
2927	68028	117841
2928	68050	117816
2929	68073	117793
2930	68094	117765
2931	68115	117738
2932	68137	117713
2933	68157	117685
2934	68177	117655
2935	68199	117630
2936	68220	117603
2937	68243	117579
2938	68266	117556
2939	68289	117532
2940	68311	117506
2941	68333	117482
2942	68366	117474
2943	68390	117452
2944	68412	117428
2945	68435	117404
2946	68458	117381
2947	68483	117360
2948	68506	117337
2949	68530	117315
2950	68551	117288
2951	68573	117262
2952	68594	117236
2953	68617	117211
2954	68639	117187
2955	68661	117160
2956	68699	117163
2957	68726	117146
2958	68749	117122
2959	68771	117097
2960	68791	117069
2961	68812	117042
2962	68836	117019
2963	68859	116995
2964	68879	116966
2965	68901	116942
2966	68926	116921
2967	68950	116899
2968	68972	116873
2969	68994	116848
2970	69016	116824
2971	69053	116823
2972	69075	116799
2973	69098	116775
2974	69121	116750
2975	69144	116727
2976	69168	116706
2977	69191	116683
2978	69210	116651
2979	69232	116626
2980	69268	116624
2981	69290	116600
2982	69310	116570
2983	69332	116546
2984	69361	116532
2985	69388	116514
2986	69409	116488
2987	69431	116462
2988	69454	116439
2989	69475	116412
2990	69498	116388
2991	69519	116362
2992	69542	116338
2993	69563	116311
2994	69588	116290
2995	69610	116264
2996	69631	116238
2997	69655	116216
2998	69675	116188
2999	69700	116167
3000	69723	116144
3001	69743	116114
3002	69765	116089
3003	69787	116064
3004	69808	116037
3005	69828	116009
3006	69848	115980
3007	69871	115957
3008	69883	115915
3009	69904	115888
3010	69926	115863
3011	69949	115839
3012	69972	115815
3013	69993	115788
3014	70016	115765
3015	70038	115739
3016	70059	115713
3017	70081	115687
3018	70103	115661
3019	70126	115638
3020	70152	115621
3021	70174	115595
3022	70198	115572
3023	70220	115547
3024	70242	115522
3025	70264	115497
3026	70284	115469
3027	70305	115441
3028	70326	115415
3029	70348	115390
3030	70370	115365
3031	70391	115337
3032	70413	115313
3033	70437	115290
3034	70459	115265
3035	70481	115240
3036	70501	115212
3037	70536	115207
3038	70559	115184
3039	70582	115160
3040	70603	115133
3041	70624	115107
3042	70649	115086
3043	70672	115063
3044	70696	115041
3045	70718	115015
3046	70742	114994
3047	70763	114966
3048	70787	114944
3049	70808	114918
3050	70828	114890
3051	70851	114867
3052	70873	114841
3053	70896	114817
3054	70919	114794
3055	70941	114769
3056	70964	114745
3057	70985	114719
3058	71007	114694
3059	71030	114669
3060	71054	114647
3061	71078	114625
3062	71102	114604
3063	71127	114584
3064	71152	114563
3065	71175	114539
3066	71197	114514
3067	71218	114488
3068	71239	114461
3069	71251	114420
3070	71272	114392
3071	71294	114367
3072	71315	114341
3073	71336	114314
3074	71357	114288
3075	71381	114265
3076	71404	114242
3077	71425	114215
3078	71450	114194
3079	71487	114194
3080	71509	114168
3081	71532	114146
3082	71554	114120
3083	71575	114094
3084	71596	114067
3085	71618	114042
3086	71641	114018
3087	71662	113991
3088	71684	113966
3089	71706	113941
3090	71727	113914
3091	71750	113890
3092	71776	113872
3093	71800	113850
3094	71824	113827
3095	71847	113804
3096	71869	113779
3097	71892	113756
3098	71915	113733
3099	71939	113710
3100	71960	113684
3101	71979	113655
3102	72002	113631
3103	72023	113603
3104	72045	113578
3105	72066	113552
3106	72087	113525
3107	72117	113513
3108	72156	113514
3109	72180	113492
3110	72203	113469
3111	72224	113442
3112	72244	113413
3113	72264	113386
3114	72286	113360
3115	72306	113332
3116	72328	113308
3117	72349	113281
3118	72375	113261
3119	72396	113235
3120	72421	113214
3121	72447	113196
3122	72473	113177
3123	72499	113159
3124	72535	113155
3125	72565	113142
3126	72596	113131
3127	72624	113116
3128	72652	113099
3129	72684	113090
3130	72713	113075
3131	72756	113084
3132	72793	113082
3133	72832	113082
3134	72861	113068
3135	72882	113042
3136	72903	113016
3137	72928	112994
3138	72950	112970
3139	72972	112944
3140	72992	112916
3141	73011	112887
3142	73032	112859
3143	73053	112833
3144	73074	112806
3145	73094	112778
3146	73115	112751
3147	73136	112724
3148	73168	112715
3149	73190	112690
3150	73211	112662
3151	73231	112634
3152	73251	112607
3153	73293	112612
3154	73315	112587
3155	73336	112560
3156	73358	112535
3157	73380	112510
3158	73402	112485
3159	73427	112465
3160	73450	112440
3161	73473	112418
3162	73498	112396
3163	73522	112375
3164	73543	112347
3165	73562	112319
3166	73584	112294
3167	73618	112287
3168	73642	112264
3169	73665	112240
3170	73686	112214
3171	73709	112190
3172	73731	112165
3173	73756	112144
3174	73780	112123
3175	73804	112100
3176	73826	112075
3177	73863	112073
3178	73894	112062
3179	73918	112039
3180	73941	112016
3181	73963	111991
3182	73986	111967
3183	74012	111948
3184	74034	111923
3185	74056	111898
3186	74079	111874
3187	74103	111852
3188	74124	111826
3189	74147	111802
3190	74170	111778
3191	74194	111756
3192	74216	111732
3193	74240	111708
3194	74263	111685
3195	74287	111663
3196	74323	111659
3197	74349	111640
3198	74372	111616
3199	74394	111591
3200	74414	111563
3201	74438	111541
3202	74461	111517
3203	74484	111493
3204	74509	111472
3205	74531	111447
3206	74557	111429
3207	74580	111405
3208	74603	111382
3209	74630	111364
3210	74658	111347
3211	74681	111324
3212	74706	111303
3213	74728	111279
3214	74751	111255
3215	74773	111229
3216	74796	111206
3217	74819	111182
3218	74841	111158
3219	74865	111135
3220	74889	111113
3221	74913	111090
3222	74934	111065
3223	74958	111042
3224	74980	111018
3225	75004	110994
3226	75027	110972
3227	75059	110961
3228	75082	110938
3229	75103	110911
3230	75124	110884
3231	75145	110858
3232	75167	110833
3233	75194	110815
3234	75213	110786
3235	75236	110762
3236	75258	110737
3237	75278	110709
3238	75291	110671
3239	75310	110641
3240	75335	110620
3241	75358	110596
3242	75380	110572
3243	75397	110539
3244	75417	110512
3245	75439	110486
3246	75461	110461
3247	75485	110439
3248	75508	110415
3249	75550	110420
3250	75574	110398
3251	75599	110376
3252	75621	110351
3253	75644	110327
3254	75669	110307
3255	75693	110285
3256	75719	110265
3257	75742	110242
3258	75766	110220
3259	75789	110196
3260	75812	110172
3261	75834	110147
3262	75858	110125
3263	75881	110101
3264	75908	110084
3265	75931	110061
3266	75954	110037
3267	75978	110015
3268	76002	109993
3269	76027	109972
3270	76046	109943
3271	76070	109921
3272	76093	109897
3273	76116	109873
3274	76139	109849
3275	76160	109823
3276	76183	109799
3277	76205	109775
3278	76229	109752
3279	76251	109728
3280	76272	109701
3281	76292	109673
3282	76316	109650
3283	76339	109626
3284	76362	109603
3285	76383	109578
3286	76406	109553
3287	76426	109525
3288	76449	109502
3289	76472	109478
3290	76496	109456
3291	76518	109432
3292	76540	109406
3293	76561	109380
3294	76584	109357
3295	76606	109331
3296	76631	109310
3297	76654	109286
3298	76676	109261
3299	76698	109236
3300	76718	109209
3301	76740	109184
3302	76762	109159
3303	76785	109136
3304	76805	109108
3305	76827	109083
3306	76852	109062
3307	76875	109039
3308	76900	109017
3309	76920	108990
3310	76943	108966
3311	76966	108942
3312	76987	108916
3313	77009	108891
3314	77027	108861
3315	77050	108836
3316	77072	108812
3317	77093	108786
3318	77118	108765
3319	77141	108741
3320	77166	108720
3321	77189	108697
3322	77217	108680
3323	77240	108657
3324	77263	108633
3325	77286	108610
3326	77310	108587
3327	77334	108565
3328	77354	108538
3329	77378	108515
3330	77401	108491
3331	77424	108468
3332	77446	108443
3333	77467	108417
3334	77490	108394
3335	77513	108370
3336	77536	108346
3337	77560	108325
3338	77583	108301
3339	77606	108276
3340	77627	108250
3341	77650	108227
3342	77671	108201
3343	77693	108176
3344	77715	108150
3345	77736	108125
3346	77760	108103
3347	77784	108080
3348	77813	108064
3349	77837	108042
3350	77859	108018
3351	77884	107996
3352	77908	107974
3353	77933	107953
3354	77956	107930
3355	77983	107913
3356	78006	107888
3357	78030	107866
3358	78053	107843
3359	78078	107823
3360	78103	107801
3361	78128	107780
3362	78152	107759
3363	78177	107737
3364	78200	107714
3365	78223	107690
3366	78248	107670
3367	78272	107647
3368	78308	107641
3369	78330	107616
3370	78353	107593
3371	78375	107569
3372	78397	107543
3373	78420	107519
3374	78439	107491
3375	78462	107467
3376	78485	107443
3377	78508	107420
3378	78531	107396
3379	78553	107371
3380	78577	107349
3381	78602	107328
3382	78626	107306
3383	78650	107285
3384	78676	107264
3385	78701	107243
3386	78720	107214
3387	78742	107189
3388	78764	107164
3389	78789	107143
3390	78813	107122
3391	78836	107098
3392	78888	107114
3393	78911	107090
3394	78933	107065
3395	78957	107043
3396	78981	107020
3397	79006	107001
3398	79030	106978
3399	79054	106955
3400	79078	106934
3401	79103	106913
3402	79128	106892
3403	79152	106870
3404	79178	106850
3405	79200	106824
3406	79238	106822
3407	79263	106800
3408	79286	106777
3409	79305	106748
3410	79328	106724
3411	79349	106698
3412	79370	106671
3413	79394	106650
3414	79416	106625
3415	79438	106600
3416	79462	106577
3417	79486	106555
3418	79509	106532
3419	79529	106504
3420	79551	106479
3421	79572	106453
3422	79593	106427
3423	79615	106402
3424	79636	106376
3425	79659	106351
3426	79683	106329
3427	79707	106307
3428	79734	106288
3429	79757	106265
3430	79780	106242
3431	79802	106217
3432	79825	106194
3433	79849	106171
3434	79871	106146
3435	79896	106125
3436	79922	106106
3437	79947	106084
3438	79973	106065
3439	79996	106042
3440	80026	106027
3441	80049	106004
3442	80070	105978
3443	80093	105954
3444	80115	105929
3445	80138	105905
3446	80161	105881
3447	80183	105857
3448	80205	105832
3449	80227	105807
3450	80250	105783
3451	80289	105781
3452	80311	105756
3453	80333	105731
3454	80357	105709
3455	80379	105684
3456	80401	105658
3457	80423	105633
3458	80444	105608
3459	80489	105612
3460	80551	105640
3461	80579	105623
3462	80608	105608
3463	80633	105587
3464	80656	105563
3465	80684	105546
3466	80713	105531
3467	80741	105513
3468	80769	105496
3469	80822	105511
3470	80851	105495
3471	80879	105478
3472	80909	105463
3473	80943	105455
3474	80974	105441
3475	81001	105423
3476	81031	105408
3477	81060	105392
3478	81086	105372
3479	81112	105353
3480	81136	105330
3481	81162	105310
3482	81185	105287
3483	81214	105271
3484	81238	105248
3485	81262	105226
3486	81283	105199
3487	81303	105172
3488	81326	105149
3489	81349	105124
3490	81369	105097
3491	81391	105072
3492	81436	105076
3493	81459	105053
3494	81482	105029
3495	81503	105003
3496	81528	104982
3497	81550	104957
3498	81572	104932
3499	81595	104907
3500	81616	104882
3501	81639	104858
3502	81662	104834
3503	81683	104808
3504	81707	104786
3505	81730	104762
3506	81750	104735
3507	81773	104711
3508	81797	104688
3509	81819	104663
3510	81843	104641
3511	81870	104622
3512	81895	104602
3513	81923	104583
3514	81948	104563
3515	81986	104558
3516	82012	104538
3517	82037	104517
3518	82062	104496
3519	82090	104478
3520	82118	104461
3521	82147	104444
3522	82172	104424
3523	82195	104399
3524	82218	104376
3525	82238	104349
3526	82259	104323
3527	82281	104297
3528	82305	104275
3529	82328	104251
3530	82353	104231
3531	82374	104204
3532	82397	104180
3533	82421	104157
3534	82444	104134
3535	82465	104107
3536	82486	104081
3537	82507	104056
3538	82531	104033
3539	82554	104009
3540	82577	103985
3541	82598	103959
3542	82638	103957
3543	82664	103936
3544	82686	103912
3545	82708	103887
3546	82729	103860
3547	82753	103838
3548	82784	103825
3549	82806	103799
3550	82826	103772
3551	82865	103768
3552	82888	103744
3553	82909	103718
3554	82928	103690
3555	82950	103664
3556	82972	103639
3557	82992	103612
3558	83013	103586
3559	83036	103562
3560	83057	103535
3561	83077	103508
3562	83098	103482
3563	83121	103458
3564	83141	103431
3565	83162	103404
3566	83182	103377
3567	83206	103354
3568	83226	103327
3569	83247	103301
3570	83270	103277
3571	83292	103253
3572	83312	103225
3573	83334	103200
3574	83352	103170
3575	83373	103144
3576	83394	103117
3577	83414	103090
3578	83436	103066
3579	83459	103041
3580	83481	103016
3581	83503	102992
3582	83524	102966
3583	83545	102940
3584	83567	102915
3585	83591	102892
3586	83623	102879
3587	83653	102865
3588	83680	102845
3589	83708	102828
3590	83735	102810
3591	83760	102788
3592	83785	102767
3593	83808	102743
3594	83832	102720
3595	83857	102700
3596	83882	102678
3597	83906	102656
3598	83935	102639
3599	83956	102613
3600	83976	102586
3601	83997	102560
3602	84019	102534
3603	84040	102509
3604	84061	102482
3605	84081	102455
3606	84101	102428
3607	84122	102402
3608	84142	102374
3609	84162	102347
3610	84186	102324
3611	84210	102302
3612	84230	102274
3613	84253	102250
3614	84280	102231
3615	84305	102210
3616	84328	102187
3617	84353	102166
3618	84377	102143
3619	84402	102122
3620	84427	102100
3621	84450	102077
3622	84474	102054
3623	84497	102031
3624	84518	102004
3625	84540	101980
3626	84563	101956
3627	84585	101931
3628	84610	101910
3629	84634	101887
3630	84657	101864
3631	84679	101839
3632	84702	101815
3633	84727	101793
3634	84748	101768
3635	84769	101742
3636	84791	101717
3637	84813	101692
3638	84834	101666
3639	84857	101642
3640	84879	101617
3641	84901	101592
3642	84923	101567
3643	84946	101543
3644	84968	101519
3645	84987	101491
3646	85008	101465
3647	85029	101439
3648	85051	101413
3649	85074	101389
3650	85096	101365
3651	85118	101340
3652	85140	101316
3653	85162	101290
3654	85186	101268
3655	85207	101242
3656	85229	101217
3657	85254	101196
3658	85278	101172
3659	85298	101146
3660	85331	101134
3661	85389	101152
3662	85422	101140
3663	85451	101124
3664	85478	101104
3665	85505	101085
3666	85553	101091
3667	85578	101070
3668	85606	101052
3669	85633	101033
3670	85659	101013
3671	85686	100994
3672	85710	100971
3673	85733	100948
3674	85755	100923
3675	85777	100897
3676	85800	100874
3677	85822	100849
3678	85844	100824
3679	85868	100802
3680	85891	100778
3681	85914	100754
3682	85936	100729
3683	85957	100703
3684	85977	100676
3685	85999	100651
3686	86022	100627
3687	86045	100603
3688	86068	100580
3689	86090	100555
3690	86113	100531
3691	86154	100529
3692	86176	100504
3693	86197	100478
3694	86220	100454
3695	86242	100429
3696	86264	100404
3697	86304	100400
3698	86329	100378
3699	86354	100358
3700	86379	100336
3701	86399	100309
3702	86422	100285
3703	86443	100259
3704	86467	100237
3705	86491	100214
3706	86513	100189
3707	86536	100165
3708	86559	100141
3709	86584	100121
3710	86606	100095
3711	86628	100070
3712	86653	100049
3713	86676	100026
3714	86700	100003
3715	86721	99976
3716	86742	99951
3717	86764	99925
3718	86785	99900
3719	86807	99875
3720	86827	99847
3721	86852	99827
3722	86876	99804
3723	86900	99781
3724	86923	99757
3725	86944	99731
3726	86968	99709
3727	86990	99684
3728	87011	99658
3729	87034	99634
3730	87056	99610
3731	87078	99585
3732	87102	99562
3733	87124	99537
3734	87143	99509
3735	87163	99482
3736	87187	99459
3737	87207	99432
3738	87228	99406
3739	87251	99382
3740	87271	99355
3741	87292	99330
3742	87315	99306
3743	87337	99281
3744	87360	99257
3745	87382	99232
3746	87404	99207
3747	87427	99184
3748	87450	99160
3749	87485	99150
3750	87510	99128
3751	87547	99120
3752	87570	99097
3753	87592	99072
3754	87619	99053
3755	87648	99036
3756	87674	99016
3757	87720	99018
3758	87754	99007
3759	87785	98991
3760	87809	98969
3761	87838	98952
3762	87869	98937
3763	87897	98920
3764	87931	98908
3765	87968	98900
3766	88002	98889
3767	88028	98868
3768	88050	98844
3769	88072	98819
3770	88096	98795
3771	88121	98774
3772	88143	98749
3773	88167	98727
3774	88190	98703
3775	88215	98682
3776	88239	98659
3777	88262	98635
3778	88287	98613
3779	88311	98591
3780	88351	98586
3781	88374	98562
3782	88396	98537
3783	88420	98514
3784	88444	98492
3785	88467	98468
3786	88487	98441
3787	88508	98415
3788	88532	98392
3789	88555	98369
3790	88576	98343
3791	88599	98319
3792	88622	98294
3793	88644	98270
3794	88668	98248
3795	88688	98220
3796	88710	98195
3797	88733	98171
3798	88756	98148
3799	88779	98124
3800	88800	98099
3801	88822	98074
3802	88848	98053
3803	88873	98031
3804	88908	98021
3805	88934	98001
3806	88961	97981
3807	88986	97959
3808	89012	97939
3809	89036	97916
3810	89062	97895
3811	89087	97874
3812	89110	97851
3813	89133	97827
3814	89158	97805
3815	89181	97782
3816	89203	97757
3817	89226	97733
3818	89249	97709
3819	89273	97686
3820	89297	97664
3821	89325	97645
3822	89346	97619
3823	89366	97592
3824	89392	97572
3825	89416	97549
3826	89454	97541
3827	89479	97520
3828	89502	97497
3829	89526	97473
3830	89552	97453
3831	89576	97431
3832	89602	97410
3833	89626	97387
3834	89650	97364
3835	89674	97342
3836	89730	97354
3837	89759	97336
3838	89782	97312
3839	89806	97290
3840	89830	97267
3841	89855	97245
3842	89879	97222
3843	89901	97198
3844	89924	97174
3845	89948	97151
3846	89972	97129
3847	89996	97106
3848	90019	97082
3849	90042	97059
3850	90090	97061
3851	90113	97038
3852	90137	97015
3853	90159	96990
3854	90183	96967
3855	90207	96944
3856	90231	96921
3857	90254	96897
3858	90275	96872
3859	90297	96847
3860	90321	96824
3861	90345	96801
3862	90365	96775
3863	90387	96749
3864	90409	96725
3865	90448	96719
3866	90471	96695
3867	90496	96672
3868	90518	96647
3869	90537	96619
3870	90562	96597
3871	90586	96576
3872	90609	96552
3873	90632	96528
3874	90654	96503
3875	90677	96479
3876	90701	96456
3877	90725	96433
3878	90747	96409
3879	90770	96384
3880	90794	96362
3881	90817	96339
3882	90844	96318
3883	90866	96294
3884	90897	96279
3885	90920	96255
3886	90946	96234
3887	90968	96209
3888	90991	96185
3889	91015	96162
3890	91037	96138
3891	91060	96114
3892	91082	96089
3893	91105	96065
3894	91127	96040
3895	91147	96014
3896	91170	95989
3897	91189	95962
3898	91211	95937
3899	91233	95912
3900	91256	95888
3901	91280	95865
3902	91314	95853
3903	91341	95834
3904	91365	95810
3905	91388	95787
3906	91410	95762
3907	91434	95739
3908	91457	95715
3909	91479	95691
3910	91503	95668
3911	91525	95643
3912	91547	95618
3913	91571	95595
3914	91593	95571
3915	91614	95545
3916	91636	95520
3917	91659	95496
3918	91682	95472
3919	91708	95451
3920	91730	95427
3921	91752	95402
3922	91775	95377
3923	91795	95351
3924	91818	95327
3925	91841	95303
3926	91862	95277
3927	91883	95252
3928	91905	95226
3929	91926	95201
3930	91946	95174
3931	91966	95147
3932	91989	95123
3933	92012	95100
3934	92036	95077
3935	92058	95052
3936	92083	95030
3937	92107	95007
3938	92134	94987
3939	92156	94963
3940	92176	94936
3941	92199	94912
3942	92223	94889
3943	92246	94866
3944	92268	94840
3945	92291	94817
3946	92313	94792
3947	92334	94766
3948	92355	94740
3949	92377	94716
3950	92400	94692
3951	92424	94669
3952	92449	94648
3953	92474	94625
3954	92497	94601
3955	92519	94577
3956	92542	94553
3957	92563	94527
3958	92583	94501
3959	92606	94476
3960	92627	94451
3961	92651	94428
3962	92675	94406
3963	92697	94381
3964	92720	94357
3965	92746	94336
3966	92770	94314
3967	92811	94308
3968	92838	94289
3969	92866	94270
3970	92889	94246
3971	92912	94222
3972	92934	94197
3973	92959	94176
3974	92981	94151
3975	93003	94126
3976	93025	94101
3977	93047	94076
3978	93068	94050
3979	93089	94025
3980	93111	94000
3981	93132	93974
3982	93153	93948
3983	93174	93922
3984	93196	93898
3985	93217	93872
3986	93238	93846
3987	93259	93820
3988	93278	93793
3989	93300	93768
3990	93321	93742
3991	93344	93718
3992	93366	93693
3993	93391	93672
3994	93415	93649
3995	93437	93624
3996	93460	93600
3997	93481	93575
3998	93503	93550
3999	93526	93526
4000	93548	93501
4001	93570	93476
4002	93591	93450
4003	93613	93426
4004	93636	93403
4005	93661	93380
4006	93685	93358
4007	93708	93334
4008	93730	93309
4009	93751	93284
4010	93774	93259
4011	93795	93234
4012	93818	93210
4013	93851	93196
4014	93877	93175
4015	93899	93151
4016	93920	93125
4017	93943	93101
4018	93965	93076
4019	93989	93054
4020	94013	93031
4021	94037	93008
4022	94062	92987
4023	94087	92965
4024	94109	92940
4025	94131	92915
4026	94154	92891
4027	94176	92867
4028	94199	92843
4029	94223	92820
4030	94243	92794
4031	94266	92770
4032	94290	92747
4033	94311	92721
4034	94332	92696
4035	94353	92670
4036	94374	92645
4037	94396	92620
4038	94420	92596
4039	94442	92572
4040	94462	92545
4041	94484	92520
4042	94505	92494
4043	94525	92468
4044	94549	92445
4045	94569	92419
4046	94589	92392
4047	94611	92367
4048	94634	92343
4049	94656	92319
4050	94674	92290
4051	94695	92265
4052	94718	92241
4053	94741	92217
4054	94763	92192
4055	94785	92167
4056	94809	92145
4057	94833	92122
4058	94855	92098
4059	94881	92076
4060	94903	92052
4061	94925	92027
4062	94950	92006
4063	94971	91980
4064	94991	91953
4065	95012	91927
4066	95033	91902
4067	95054	91876
4068	95075	91851
4069	95095	91824
4070	95117	91799
4071	95140	91776
4072	95163	91752
4073	95185	91727
4074	95206	91702
4075	95231	91680
4076	95256	91658
4077	95279	91634
4078	95301	91610
4079	95321	91583
4080	95349	91564
4081	95373	91541
4082	95395	91517
4083	95478	91550
4084	95533	91558
4085	95566	91543
4086	95596	91526
4087	95625	91508
4088	95656	91492
4089	95687	91475
4090	95718	91459
4091	95763	91457
4092	95804	91451
4093	95837	91436
4094	95867	91419
4095	95895	91400
4096	95922	91380
4097	95951	91362
4098	95991	91354
4099	96023	91338
4100	96056	91324
4101	96087	91309
4102	96116	91290
4103	96142	91270
4104	96171	91251
4105	96199	91232
4106	96224	91210
4107	96248	91188
4108	96272	91164
4109	96296	91141
4110	96321	91119
4111	96345	91096
4112	96370	91075
4113	96411	91067
4114	96433	91043
4115	96455	91018
4116	96476	90992
4117	96514	90983
4118	96555	90976
4119	96577	90952
4120	96600	90927
4121	96622	90903
4122	96645	90879
4123	96666	90853
4124	96687	90827
4125	96711	90804
4126	96734	90781
4127	96758	90757
4128	96779	90732
4129	96804	90709
4130	96827	90686
4131	96848	90660
4132	96869	90635
4133	96894	90612
4134	96916	90587
4135	96939	90564
4136	96960	90538
4137	96980	90512
4138	97006	90490
4139	97034	90471
4140	97066	90456
4141	97095	90438
4142	97123	90418
4143	97148	90397
4144	97174	90375
4145	97198	90352
4146	97224	90331
4147	97251	90311
4148	97275	90288
4149	97303	90269
4150	97331	90250
4151	97355	90227
4152	97377	90202
4153	97399	90177
4154	97421	90153
4155	97444	90129
4156	97467	90104
4157	97490	90080
4158	97511	90055
4159	97533	90031
4160	97554	90005
4161	97575	89979
4162	97597	89954
4163	97619	89929
4164	97640	89904
4165	97661	89878
4166	97692	89861
4167	97714	89837
4168	97739	89815
4169	97764	89793
4170	97792	89773
4171	97815	89750
4172	97837	89725
4173	97859	89700
4174	97881	89675
4175	97905	89652
4176	97925	89626
4177	97947	89601
4178	97970	89577
4179	97994	89554
4180	98015	89528
4181	98039	89505
4182	98061	89481
4183	98088	89461
4184	98111	89437
4185	98134	89413
4186	98157	89389
4187	98177	89363
4188	98200	89339
4189	98222	89314
4190	98243	89289
4191	98266	89264
4192	98287	89239
4193	98309	89214
4194	98331	89189
4195	98354	89166
4196	98379	89143
4197	98398	89116
4198	98421	89092
4199	98442	89066
4200	98465	89042
4201	98488	89019
4202	98525	89008
4203	98548	88984
4204	98571	88960
4205	98593	88936
4206	98616	88911
4207	98638	88887
4208	98659	88861
4209	98680	88836
4210	98703	88812
4211	98724	88786
4212	98746	88761
4213	98768	88737
4214	98792	88713
4215	98816	88691
4216	98836	88664
4217	98857	88639
4218	98884	88618
4219	98906	88594
4220	98927	88568
4221	98948	88542
4222	98971	88518
4223	98994	88494
4224	99015	88469
4225	99038	88445
4226	99059	88419
4227	99081	88395
4228	99105	88372
4229	99128	88348
4230	99150	88324
4231	99175	88301
4232	99198	88277
4233	99222	88254
4234	99262	88246
4235	99284	88221
4236	99306	88197
4237	99329	88173
4238	99354	88150
4239	99374	88124
4240	99398	88101
4241	99419	88076
4242	99439	88049
4243	99462	88025
4244	99483	87999
4245	99503	87974
4246	99527	87950
4247	99552	87928
4248	99575	87905
4249	99595	87878
4250	99634	87868
4251	99671	87856
4252	99695	87833
4253	99720	87811
4254	99743	87788
4255	99767	87765
4256	99796	87746
4257	99816	87720
4258	99841	87698
4259	99877	87685
4260	99899	87661
4261	99920	87635
4262	99944	87612
4263	99968	87589
4264	99990	87564
4265	100013	87540
4266	100035	87516
4267	100058	87492
4268	100082	87469
4269	100103	87444
4270	100128	87422
4271	100151	87398
4272	100175	87375
4273	100198	87351
4274	100223	87329
4275	100247	87306
4276	100270	87282
4277	100295	87259
4278	100317	87235
4279	100338	87210
4280	100360	87185
4281	100384	87162
4282	100407	87138
4283	100430	87115
4284	100455	87093
4285	100480	87070
4286	100502	87046
4287	100524	87021
4288	100546	86996
4289	100568	86971
4290	100591	86947
4291	100615	86924
4292	100636	86899
4293	100659	86875
4294	100682	86851
4295	100704	86826
4296	100727	86803
4297	100749	86778
4298	100771	86753
4299	100798	86733
4300	100821	86709
4301	100846	86687
4302	100867	86662
4303	100888	86636
4304	100910	86611
4305	100929	86584
4306	100951	86559
4307	100973	86535
4308	100996	86511
4309	101018	86486
4310	101040	86461
4311	101063	86438
4312	101085	86413
4313	101107	86389
4314	101128	86363
4315	101151	86339
4316	101174	86316
4317	101198	86292
4318	101220	86267
4319	101243	86244
4320	101266	86220
4321	101289	86196
4322	101313	86173
4323	101350	86162
4324	101373	86137
4325	101397	86115
4326	101419	86090
4327	101443	86067
4328	101465	86042
4329	101486	86017
4330	101513	85997
4331	101537	85973
4332	101559	85949
4333	101581	85924
4334	101604	85900
4335	101626	85875
4336	101648	85851
4337	101672	85828
4338	101694	85804
4339	101716	85778
4340	101737	85754
4341	101758	85728
4342	101780	85703
4343	101803	85680
4344	101825	85655
4345	101847	85630
4346	101869	85605
4347	101889	85580
4348	101911	85555
4349	101944	85539
4350	101967	85515
4351	101987	85489
4352	102009	85464
4353	102032	85441
4354	102055	85417
4355	102077	85392
4356	102096	85365
4357	102118	85340
4358	102140	85316
4359	102163	85292
4360	102184	85267
4361	102206	85242
4362	102229	85218
4363	102276	85215
4364	102299	85190
4365	102320	85165
4366	102344	85142
4367	102366	85117
4368	102390	85095
4369	102412	85070
4370	102436	85047
4371	102458	85022
4372	102493	85008
4373	102518	84986
4374	102541	84962
4375	102576	84948
4376	102600	84925
4377	102621	84900
4378	102639	84872
4379	102663	84849
4380	102685	84825
4381	102709	84802
4382	102731	84777
4383	102753	84752
4384	102777	84729
4385	102802	84708
4386	102829	84687
4387	102855	84665
4388	102883	84646
4389	102914	84629
4390	102943	84609
4391	102969	84588
4392	102998	84569
4393	103029	84552
4394	103060	84535
4395	103086	84513
4396	103126	84504
4397	103162	84490
4398	103187	84468
4399	103209	84444
4400	103230	84419
4401	103252	84393
4402	103288	84381
4403	103308	84354
4404	103329	84329
4405	103350	84303
4406	103372	84279
4407	103394	84254
4408	103416	84229
4409	103445	84210
4410	103467	84186
4411	103491	84162
4412	103511	84137
4413	103533	84111
4414	103556	84088
4415	103578	84063
4416	103600	84039
4417	103618	84011
4418	103640	83986
4419	103661	83960
4420	103683	83936
4421	103706	83912
4422	103739	83897
4423	103777	83884
4424	103800	83861
4425	103822	83836
4426	103840	83808
4427	103863	83785
4428	103884	83759
4429	103908	83736
4430	103930	83712
4431	103950	83685
4432	103972	83660
4433	103992	83634
4434	104015	83611
4435	104037	83586
4436	104055	83558
4437	104075	83532
4438	104096	83506
4439	104120	83483
4440	104140	83457
4441	104160	83431
4442	104182	83407
4443	104202	83380
4444	104230	83360
4445	104254	83337
4446	104273	83311
4447	104294	83285
4448	104316	83260
4449	104338	83236
4450	104359	83211
4451	104381	83186
4452	104401	83160
4453	104423	83135
4454	104446	83111
4455	104469	83088
4456	104489	83061
4457	104509	83035
4458	104531	83010
4459	104555	82987
4460	104575	82961
4461	104594	82934
4462	104617	82911
4463	104658	82901
4464	104680	82877
4465	104700	82850
4466	104722	82826
4467	104745	82802
4468	104769	82779
4469	104790	82754
4470	104812	82729
4471	104835	82705
4472	104857	82681
4473	104878	82655
4474	104902	82632
4475	104924	82607
4476	104947	82584
4477	104972	82562
4478	104998	82540
4479	105020	82516
4480	105039	82489
4481	105061	82464
4482	105083	82440
4483	105108	82418
4484	105134	82396
4485	105160	82374
4486	105184	82352
4487	105206	82327
4488	105227	82302
4489	105248	82276
4490	105269	82251
4491	105291	82226
4492	105312	82201
4493	105332	82175
4494	105354	82151
4495	105379	82128
4496	105401	82103
4497	105421	82078
4498	105444	82053
4499	105464	82027
4500	105487	82004
4501	105511	81980
4502	105534	81957
4503	105555	81932
4504	105577	81907
4505	105598	81882
4506	105621	81858
4507	105642	81833
4508	105664	81808
4509	105688	81785
4510	105710	81760
4511	105731	81736
4512	105755	81712
4513	105779	81689
4514	105799	81663
4515	105820	81638
4516	105842	81614
4517	105864	81589
4518	105898	81574
4519	105920	81549
4520	105942	81524
4521	105963	81499
4522	105985	81474
4523	106007	81450
4524	106027	81424
4525	106048	81399
4526	106069	81374
4527	106091	81349
4528	106115	81325
4529	106138	81302
4530	106160	81277
4531	106182	81253
4532	106205	81229
4533	106227	81205
4534	106251	81181
4535	106274	81158
4536	106312	81145
4537	106337	81124
4538	106359	81099
4539	106383	81076
4540	106406	81052
4541	106436	81034
4542	106457	81008
4543	106478	80983
4544	106503	80961
4545	106527	80938
4546	106549	80913
4547	106572	80889
4548	106593	80865
4549	106615	80840
4550	106637	80816
4551	106659	80791
4552	106682	80767
4553	106704	80743
4554	106728	80720
4555	106753	80697
4556	106776	80673
4557	106798	80649
4558	106819	80624
4559	106839	80598
4560	106862	80574
4561	106885	80550
4562	106907	80525
4563	106929	80501
4564	106953	80478
4565	106973	80452
4566	106994	80427
4567	107015	80402
4568	107038	80378
4569	107060	80354
4570	107082	80329
4571	107103	80304
4572	107124	80279
4573	107150	80257
4574	107173	80233
4575	107195	80209
4576	107216	80183
4577	107236	80158
4578	107257	80132
4579	107279	80107
4580	107300	80083
4581	107325	80060
4582	107360	80045
4583	107388	80025
4584	107414	80004
4585	107439	79982
4586	107468	79962
4587	107505	79949
4588	107532	79929
4589	107561	79909
4590	107588	79888
4591	107615	79868
4592	107641	79846
4593	107664	79822
4594	107687	79799
4595	107710	79775
4596	107732	79750
4597	107758	79729
4598	107783	79706
4599	107806	79683
4600	107829	79659
4601	107851	79634
4602	107873	79610
4603	107910	79596
4604	107934	79573
4605	107958	79551
4606	107978	79525
4607	108002	79502
4608	108025	79478
4609	108048	79454
4610	108070	79429
4611	108094	79407
4612	108118	79383
4613	108140	79358
4614	108164	79336
4615	108187	79312
4616	108210	79289
4617	108235	79266
4618	108257	79241
4619	108280	79217
4620	108301	79192
4621	108325	79169
4622	108350	79147
4623	108374	79124
4624	108404	79105
4625	108429	79083
4626	108453	79060
4627	108474	79035
4628	108496	79010
4629	108517	78985
4630	108540	78961
4631	108562	78937
4632	108583	78912
4633	108603	78886
4634	108625	78861
4635	108650	78839
4636	108672	78815
4637	108694	78790
4638	108716	78766
4639	108750	78750
4640	108775	78728
4641	108798	78704
4642	108822	78681
4643	108843	78656
4644	108863	78630
4645	108885	78605
4646	108907	78581
4647	108931	78558
4648	108953	78533
4649	108978	78511
4650	109001	78487
4651	109023	78463
4652	109054	78445
4653	109087	78428
4654	109109	78404
4655	109129	78378
4656	109151	78353
4657	109171	78327
4658	109193	78303
4659	109216	78279
4660	109239	78255
4661	109261	78231
4662	109282	78205
4663	109304	78182
4664	109329	78159
4665	109356	78138
4666	109377	78113
4667	109400	78089
4668	109421	78064
4669	109445	78041
4670	109467	78016
4671	109490	77993
4672	109513	77969
4673	109537	77946
4674	109562	77924
4675	109591	77904
4676	109618	77883
4677	109651	77867
4678	109679	77847
4679	109706	77826
4680	109732	77804
4681	109764	77787
4682	109793	77767
4683	109834	77756
4684	109874	77744
4685	109913	77731
4686	109949	77717
4687	109976	77696
4688	110008	77679
4689	110037	77659
4690	110068	77641
4691	110098	77622
4692	110126	77602
4693	110150	77579
4694	110175	77556
4695	110202	77536
4696	110228	77514
4697	110254	77492
4698	110280	77471
4699	110308	77450
4700	110334	77429
4701	110422	77450
4702	110466	77441
4703	110488	77416
4704	110511	77393
4705	110533	77369
4706	110559	77347
4707	110585	77325
4708	110608	77301
4709	110629	77276
4710	110653	77252
4711	110676	77229
4712	110702	77207
4713	110728	77186
4714	110773	77177
4715	110797	77153
4716	110823	77132
4717	110848	77110
4718	110871	77086
4719	110894	77061
4720	110917	77038
4721	110939	77013
4722	110974	76998
4723	110997	76974
4724	111019	76950
4725	111051	76932
4726	111074	76908
4727	111097	76885
4728	111120	76861
4729	111143	76836
4730	111165	76812
4731	111189	76789
4732	111210	76764
4733	111231	76739
4734	111253	76714
4735	111274	76689
4736	111296	76664
4737	111317	76639
4738	111340	76615
4739	111361	76590
4740	111383	76566
4741	111403	76540
4742	111424	76515
4743	111447	76491
4744	111467	76465
4745	111487	76439
4746	111509	76414
4747	111532	76390
4748	111553	76365
4749	111576	76341
4750	111598	76317
4751	111618	76291
4752	111639	76266
4753	111662	76242
4754	111681	76216
4755	111703	76191
4756	111724	76166
4757	111748	76143
4758	111770	76118
4759	111792	76093
4760	111814	76069
4761	111836	76045
4762	111859	76021
4763	111882	75997
4764	111902	75971
4765	111922	75945
4766	111945	75921
4767	111967	75897
4768	111990	75873
4769	112011	75848
4770	112032	75823
4771	112054	75798
4772	112081	75777
4773	112107	75755
4774	112129	75731
4775	112149	75705
4776	112172	75681
4777	112194	75657
4778	112216	75632
4779	112236	75607
4780	112258	75582
4781	112281	75559
4782	112304	75534
4783	112328	75511
4784	112350	75487
4785	112372	75462
4786	112396	75439
4787	112417	75414
4788	112438	75389
4789	112459	75364
4790	112481	75340
4791	112504	75315
4792	112528	75293
4793	112550	75268
4794	112572	75243
4795	112596	75221
4796	112618	75196
4797	112638	75170
4798	112659	75145
4799	112682	75121
4800	112704	75096
4801	112727	75073
4802	112751	75050
4803	112770	75023
4804	112794	75001
4805	112817	74976
4806	112839	74952
4807	112863	74929
4808	112883	74903
4809	112906	74879
4810	112930	74856
4811	112954	74833
4812	112976	74809
4813	112998	74784
4814	113022	74761
4815	113045	74737
4816	113069	74714
4817	113089	74688
4818	113112	74664
4819	113133	74640
4820	113155	74615
4821	113181	74594
4822	113205	74570
4823	113237	74552
4824	113276	74539
4825	113299	74515
4826	113323	74492
4827	113345	74468
4828	113367	74443
4829	113389	74419
4830	113409	74393
4831	113431	74368
4832	113461	74349
4833	113484	74325
4834	113505	74301
4835	113526	74275
4836	113547	74250
4837	113568	74225
4838	113589	74200
4839	113610	74175
4840	113630	74149
4841	113652	74125
4842	113675	74101
4843	113697	74077
4844	113719	74052
4845	113744	74030
4846	113765	74004
4847	113787	73980
4848	113810	73956
4849	113831	73932
4850	113852	73906
4851	113871	73880
4852	113893	73855
4853	113915	73831
4854	113939	73808
4855	113961	73784
4856	113985	73760
4857	114009	73737
4858	114028	73711
4859	114048	73685
4860	114068	73660
4861	114091	73636
4862	114113	73611
4863	114135	73587
4864	114160	73564
4865	114181	73539
4866	114204	73516
4867	114228	73493
4868	114249	73467
4869	114272	73444
4870	114292	73418
4871	114316	73395
4872	114338	73371
4873	114360	73346
4874	114382	73322
4875	114403	73297
4876	114427	73274
4877	114447	73248
4878	114469	73223
4879	114492	73199
4880	114511	73173
4881	114533	73149
4882	114556	73125
4883	114577	73100
4884	114600	73077
4885	114620	73051
4886	114643	73027
4887	114663	73002
4888	114685	72977
4889	114710	72955
4890	114734	72931
4891	114757	72908
4892	114778	72883
4893	114800	72858
4894	114821	72833
4895	114841	72808
4896	114863	72783
4897	114886	72759
4898	114912	72738
4899	114936	72714
4900	114958	72690
4901	114979	72665
4902	115001	72641
4903	115023	72617
4904	115047	72593
4905	115083	72578
4906	115106	72554
4907	115128	72529
4908	115152	72506
4909	115174	72482
4910	115197	72458
4911	115219	72434
4912	115241	72410
4913	115266	72387
4914	115289	72363
4915	115312	72340
4916	115346	72323
4917	115371	72300
4918	115395	72277
4919	115420	72255
4920	115441	72230
4921	115463	72205
4922	115485	72181
4923	115506	72156
4924	115529	72132
4925	115552	72108
4926	115572	72083
4927	115595	72059
4928	115616	72034
4929	115638	72010
4930	115660	71985
4931	115684	71962
4932	115704	71936
4933	115726	71912
4934	115747	71888
4935	115769	71863
4936	115789	71837
4937	115811	71813
4938	115833	71789
4939	115856	71765
4940	115878	71741
4941	115900	71716
4942	115928	71696
4943	115952	71672
4944	115974	71648
4945	115996	71623
4946	116018	71599
4947	116037	71573
4948	116060	71550
4949	116082	71525
4950	116105	71502
4951	116126	71477
4952	116147	71452
4953	116178	71433
4954	116203	71410
4955	116239	71395
4956	116260	71369
4957	116281	71345
4958	116305	71321
4959	116327	71297
4960	116349	71272
4961	116370	71248
4962	116392	71223
4963	116415	71199
4964	116436	71175
4965	116457	71150
4966	116479	71126
4967	116502	71102
4968	116526	71078
4969	116547	71054
4970	116571	71030
4971	116592	71005
4972	116614	70981
4973	116637	70958
4974	116669	70939
4975	116732	70940
4976	116762	70921
4977	116790	70900
4978	116816	70878
4979	116840	70855
4980	116866	70832
4981	116893	70812
4982	116919	70789
4983	116945	70768
4984	116971	70746
4985	116999	70725
4986	117028	70705
4987	117051	70681
4988	117072	70656
4989	117094	70631
4990	117117	70608
4991	117139	70583
4992	117175	70568
4993	117202	70546
4994	117225	70522
4995	117249	70499
4996	117270	70474
4997	117292	70450
4998	117318	70428
4999	117340	70404
5000	117366	70382
5001	117389	70358
5002	117414	70336
5003	117437	70312
5004	117476	70297
5005	117500	70275
5006	117524	70251
5007	117547	70228
5008	117568	70203
5009	117589	70178
5010	117609	70152
5011	117631	70128
5012	117654	70104
5013	117676	70080
5014	117703	70058
5015	117730	70037
5016	117752	70013
5017	117776	69989
5018	117799	69965
5019	117822	69942
5020	117864	69929
5021	117885	69904
5022	117905	69879
5023	117930	69856
5024	117951	69831
5025	117974	69808
5026	118000	69786
5027	118028	69765
5028	118054	69743
5029	118086	69724
5030	118116	69705
5031	118144	69684
5032	118169	69662
5033	118196	69640
5034	118228	69622
5035	118268	69608
5036	118308	69594
5037	118343	69577
5038	118373	69557
5039	118408	69541
5040	118432	69518
5041	118455	69494
5042	118477	69470
5043	118502	69447
5044	118527	69424
5045	118550	69401
5046	118574	69378
5047	118597	69353
5048	118635	69338
5049	118659	69316
5050	118683	69292
5051	118707	69269
5052	118730	69245
5053	118753	69221
5054	118777	69198
5055	118800	69174
5056	118822	69150
5057	118843	69125
5058	118889	69115
5059	118914	69092
5060	118938	69069
5061	118963	69046
5062	118990	69025
5063	119016	69003
5064	119044	68982
5065	119068	68959
5066	119092	68935
5067	119115	68911
5068	119156	68898
5069	119181	68875
5070	119202	68851
5071	119226	68827
5072	119248	68803
5073	119276	68782
5074	119301	68760
5075	119325	68736
5076	119349	68713
5077	119371	68689
5078	119394	68665
5079	119419	68642
5080	119446	68621
5081	119472	68598
5082	119511	68584
5083	119535	68561
5084	119559	68538
5085	119582	68514
5086	119606	68491
5087	119629	68467
5088	119653	68444
5089	119679	68422
5090	119704	68399
5091	119729	68376
5092	119750	68351
5093	119775	68328
5094	119798	68305
5095	119820	68281
5096	119843	68257
5097	119879	68240
5098	119901	68216
5099	119924	68192
5100	119948	68168
5101	119971	68145
5102	119995	68121
5103	120016	68097
5104	120041	68074
5105	120063	68050
5106	120086	68026
5107	120108	68001
5108	120132	67978
5109	120157	67956
5110	120180	67932
5111	120202	67908
5112	120225	67883
5113	120251	67861
5114	120276	67839
5115	120299	67815
5116	120321	67791
5117	120362	67777
5118	120387	67754
5119	120410	67731
5120	120433	67706
5121	120456	67683
5122	120478	67659
5123	120501	67634
5124	120522	67610
5125	120545	67586
5126	120568	67562
5127	120591	67538
5128	120611	67513
5129	120633	67489
5130	120659	67466
5131	120683	67443
5132	120717	67426
5133	120741	67402
5134	120764	67378
5135	120789	67356
5136	120811	67332
5137	120834	67307
5138	120855	67282
5139	120876	67257
5140	120912	67241
5141	120936	67218
5142	120958	67193
5143	120982	67170
5144	121004	67146
5145	121036	67127
5146	121056	67102
5147	121079	67078
5148	121103	67054
5149	121124	67030
5150	121146	67005
5151	121167	66980
5152	121190	66957
5153	121213	66933
5154	121244	66913
5155	121270	66891
5156	121294	66868
5157	121317	66844
5158	121337	66819
5159	121358	66794
5160	121378	66769
5161	121401	66745
5162	121423	66720
5163	121445	66696
5164	121467	66671
5165	121489	66647
5166	121510	66622
5167	121532	66598
5168	121553	66573
5169	121575	66548
5170	121595	66523
5171	121618	66499
5172	121642	66476
5173	121664	66452
5174	121690	66430
5175	121713	66406
5176	121735	66381
5177	121755	66356
5178	121789	66338
5179	121812	66315
5180	121836	66291
5181	121857	66266
5182	121879	66242
5183	121902	66218
5184	121921	66192
5185	121943	66168
5186	121966	66144
5187	121987	66119
5188	122008	66094
5189	122030	66070
5190	122052	66045
5191	122073	66021
5192	122095	65997
5193	122119	65973
5194	122141	65949
5195	122161	65924
5196	122182	65899
5197	122203	65874
5198	122226	65850
5199	122249	65826
5200	122271	65802
5201	122293	65777
5202	122316	65754
5203	122339	65730
5204	122363	65707
5205	122385	65682
5206	122409	65659
5207	122434	65636
5208	122457	65612
5209	122480	65589
5210	122501	65564
5211	122522	65539
5212	122546	65516
5213	122568	65492
5214	122594	65469
5215	122615	65445
5216	122637	65420
5217	122660	65396
5218	122682	65372
5219	122704	65348
5220	122727	65324
5221	122751	65301
5222	122775	65278
5223	122796	65253
5224	122818	65229
5225	122840	65204
5226	122864	65181
5227	122887	65157
5228	122910	65134
5229	122932	65109
5230	122954	65085
5231	122975	65060
5232	122994	65034
5233	123015	65009
5234	123037	64985
5235	123059	64961
5236	123082	64937
5237	123104	64913
5238	123125	64888
5239	123148	64864
5240	123171	64840
5241	123194	64816
5242	123216	64792
5243	123236	64767
5244	123258	64742
5245	123293	64725
5246	123315	64701
5247	123336	64676
5248	123359	64652
5249	123382	64628
5250	123404	64604
5251	123429	64582
5252	123450	64557
5253	123473	64533
5254	123496	64509
5255	123516	64484
5256	123538	64459
5257	123560	64435
5258	123582	64411
5259	123605	64387
5260	123628	64364
5261	123650	64339
5262	123671	64314
5263	123694	64291
5264	123716	64267
5265	123739	64242
5266	123762	64219
5267	123784	64194
5268	123806	64170
5269	123829	64146
5270	123850	64122
5271	123872	64098
5272	123892	64072
5273	123914	64048
5274	123939	64025
5275	123962	64001
5276	123984	63977
5277	124006	63953
5278	124029	63929
5279	124053	63906
5280	124074	63881
5281	124095	63856
5282	124118	63832
5283	124143	63810
5284	124164	63785
5285	124187	63761
5286	124209	63737
5287	124232	63713
5288	124256	63690
5289	124281	63667
5290	124302	63643
5291	124327	63620
5292	124350	63596
5293	124372	63572
5294	124395	63548
5295	124417	63524
5296	124439	63499
5297	124462	63476
5298	124484	63452
5299	124507	63428
5300	124531	63405
5301	124552	63380
5302	124574	63355
5303	124596	63331
5304	124620	63308
5305	124643	63284
5306	124664	63260
5307	124686	63235
5308	124708	63211
5309	124731	63187
5310	124751	63162
5311	124780	63141
5312	124804	63118
5313	124827	63094
5314	124849	63070
5315	124870	63046
5316	124892	63021
5317	124915	62998
5318	124936	62973
5319	124957	62948
5320	124977	62923
5321	125003	62901
5322	125026	62877
5323	125049	62853
5324	125072	62829
5325	125114	62815
5326	125138	62792
5327	125162	62769
5328	125183	62744
5329	125203	62719
5330	125228	62696
5331	125250	62672
5332	125273	62648
5333	125316	62634
5334	125374	62628
5335	125401	62606
5336	125423	62582
5337	125445	62558
5338	125467	62534
5339	125492	62511
5340	125515	62487
5341	125541	62465
5342	125562	62440
5343	125586	62417
5344	125607	62392
5345	125642	62374
5346	125674	62355
5347	125715	62340
5348	125743	62319
5349	125767	62296
5350	125791	62272
5351	125814	62248
5352	125837	62225
5353	125857	62200
5354	125877	62174
5355	125900	62151
5356	125922	62126
5357	125944	62102
5358	125964	62077
5359	125986	62053
5360	126008	62028
5361	126032	62005
5362	126056	61982
5363	126079	61958
5364	126103	61935
5365	126125	61910
5366	126146	61886
5367	126171	61863
5368	126193	61839
5369	126216	61815
5370	126239	61791
5371	126264	61768
5372	126287	61745
5373	126314	61723
5374	126336	61699
5375	126359	61675
5376	126393	61657
5377	126420	61635
5378	126445	61612
5379	126470	61589
5380	126494	61566
5381	126520	61544
5382	126560	61528
5383	126585	61505
5384	126608	61482
5385	126634	61459
5386	126657	61436
5387	126682	61413
5388	126706	61389
5389	126737	61369
5390	126761	61346
5391	126783	61322
5392	126806	61298
5393	126827	61274
5394	126849	61249
5395	126871	61225
5396	126893	61201
5397	126913	61176
5398	126939	61153
5399	126961	61129
5400	126983	61105
5401	127006	61081
5402	127037	61061
5403	127060	61037
5404	127085	61015
5405	127112	60993
5406	127139	60971
5407	127160	60946
5408	127185	60923
5409	127209	60900
5410	127233	60877
5411	127254	60852
5412	127278	60829
5413	127302	60806
5414	127323	60781
5415	127347	60758
5416	127372	60735
5417	127398	60712
5418	127422	60689
5419	127447	60667
5420	127471	60643
5421	127497	60621
5422	127524	60599
5423	127549	60576
5424	127573	60553
5425	127597	60529
5426	127620	60506
5427	127643	60482
5428	127676	60463
5429	127695	60437
5430	127718	60414
5431	127740	60389
5432	127763	60366
5433	127786	60342
5434	127807	60317
5435	127832	60294
5436	127855	60271
5437	127880	60248
5438	127902	60223
5439	127924	60199
5440	127962	60183
5441	127989	60161
5442	128012	60137
5443	128036	60113
5444	128058	60089
5445	128080	60065
5446	128103	60041
5447	128124	60017
5448	128146	59992
5449	128169	59969
5450	128191	59944
5451	128214	59921
5452	128235	59896
5453	128255	59871
5454	128281	59849
5455	128305	59825
5456	128326	59801
5457	128349	59777
5458	128372	59753
5459	128394	59729
5460	128417	59705
5461	128440	59681
5462	128460	59656
5463	128485	59633
5464	128507	59609
5465	128530	59585
5466	128555	59562
5467	128577	59538
5468	128600	59515
5469	128623	59491
5470	128646	59467
5471	128668	59443
5472	128689	59418
5473	128713	59395
5474	128753	59379
5475	128777	59356
5476	128799	59332
5477	128821	59307
5478	128845	59284
5479	128867	59260
5480	128889	59235
5481	128911	59211
5482	128936	59189
5483	128957	59164
5484	128980	59140
5485	129003	59116
5486	129027	59093
5487	129051	59070
5488	129075	59046
5489	129100	59023
5490	129129	59003
5491	129154	58980
5492	129177	58956
5493	129201	58933
5494	129223	58908
5495	129247	58885
5496	129269	58861
5497	129292	58837
5498	129319	58815
5499	129348	58794
5500	129375	58772
5501	129401	58750
5502	129428	58728
5503	129452	58705
5504	129475	58681
5505	129498	58657
5506	129522	58634
5507	129545	58610
5508	129568	58586
5509	129588	58561
5510	129611	58538
5511	129634	58514
5512	129669	58495
5513	129692	58472
5514	129714	58448
5515	129737	58424
5516	129762	58401
5517	129785	58377
5518	129806	58353
5519	129828	58328
5520	129851	58304
5521	129872	58280
5522	129898	58257
5523	129919	58233
5524	129943	58210
5525	129965	58185
5526	129985	58160
5527	130008	58137
5528	130033	58114
5529	130054	58089
5530	130077	58065
5531	130098	58040
5532	130121	58017
5533	130142	57992
5534	130164	57968
5535	130187	57944
5536	130212	57921
5537	130237	57898
5538	130261	57875
5539	130284	57852
5540	130305	57827
5541	130330	57804
5542	130354	57781
5543	130378	57757
5544	130407	57736
5545	130434	57715
5546	130457	57690
5547	130488	57670
5548	130512	57647
5549	130534	57623
5550	130558	57600
5551	130580	57575
5552	130603	57552
5553	130626	57528
5554	130649	57504
5555	130673	57481
5556	130712	57464
5557	130735	57440
5558	130759	57417
5559	130780	57392
5560	130802	57368
5561	130826	57345
5562	130849	57321
5563	130871	57297
5564	130893	57273
5565	130915	57249
5566	130937	57224
5567	130959	57200
5568	130981	57176
5569	131004	57152
5570	131029	57129
5571	131051	57105
5572	131089	57088
5573	131115	57065
5574	131138	57042
5575	131163	57019
5576	131186	56995
5577	131210	56972
5578	131233	56948
5579	131259	56926
5580	131281	56902
5581	131303	56877
5582	131325	56853
5583	131349	56830
5584	131372	56806
5585	131395	56782
5586	131417	56758
5587	131441	56735
5588	131462	56710
5589	131484	56686
5590	131505	56661
5591	131530	56639
5592	131555	56616
5593	131580	56593
5594	131601	56568
5595	131626	56545
5596	131651	56522
5597	131679	56501
5598	131702	56477
5599	131722	56452
5600	131745	56428
5601	131767	56404
5602	131790	56380
5603	131812	56356
5604	131839	56334
5605	131862	56310
5606	131884	56286
5607	131909	56263
5608	131930	56239
5609	131952	56215
5610	131975	56191
5611	131996	56166
5612	132018	56142
5613	132040	56118
5614	132062	56094
5615	132084	56070
5616	132107	56046
5617	132131	56023
5618	132153	55998
5619	132176	55974
5620	132197	55950
5621	132221	55927
5622	132244	55903
5623	132265	55878
5624	132287	55854
5625	132311	55831
5626	132335	55808
5627	132356	55783
5628	132376	55758
5629	132398	55734
5630	132423	55711
5631	132445	55687
5632	132468	55663
5633	132488	55638
5634	132510	55614
5635	132536	55591
5636	132564	55570
5637	132592	55548
5638	132615	55524
5639	132647	55505
5640	132670	55481
5641	132692	55457
5642	132715	55433
5643	132738	55409
5644	132760	55385
5645	132787	55363
5646	132809	55339
5647	132830	55314
5648	132854	55291
5649	132875	55266
5650	132897	55242
5651	132917	55217
5652	132937	55192
5653	132958	55168
5654	132981	55144
5655	133005	55120
5656	133026	55096
5657	133048	55072
5658	133069	55048
5659	133092	55023
5660	133115	55000
5661	133137	54976
5662	133164	54954
5663	133193	54932
5664	133218	54909
5665	133251	54890
5666	133282	54870
5667	133310	54848
5668	133336	54825
5669	133368	54805
5670	133402	54786
5671	133429	54764
5672	133456	54742
5673	133491	54723
5674	133527	54705
5675	133555	54683
5676	133576	54659
5677	133600	54635
5678	133622	54611
5679	133647	54588
5680	133669	54564
5681	133691	54539
5682	133713	54516
5683	133739	54493
5684	133762	54469
5685	133783	54445
5686	133805	54420
5687	133827	54396
5688	133851	54373
5689	133874	54349
5690	133894	54324
5691	133915	54300
5692	133935	54275
5693	133958	54251
5694	133982	54228
5695	134004	54204
5696	134027	54180
5697	134051	54156
5698	134072	54132
5699	134093	54108
5700	134115	54083
5701	134146	54063
5702	134172	54040
5703	134194	54016
5704	134215	53992
5705	134239	53968
5706	134263	53945
5707	134286	53921
5708	134309	53897
5709	134330	53873
5710	134353	53849
5711	134375	53825
5712	134399	53802
5713	134420	53777
5714	134442	53753
5715	134464	53729
5716	134487	53705
5717	134511	53682
5718	134535	53658
5719	134553	53633
5720	134574	53608
5721	134597	53584
5722	134619	53560
5723	134644	53537
5724	134664	53512
5725	134703	53495
5726	134725	53471
5727	134750	53448
5728	134772	53424
5729	134797	53401
5730	134821	53377
5731	134847	53355
5732	134873	53332
5733	134897	53309
5734	134920	53286
5735	134942	53261
5736	134979	53243
5737	135003	53220
5738	135037	53200
5739	135062	53177
5740	135085	53154
5741	135107	53129
5742	135127	53105
5743	135149	53080
5744	135183	53061
5745	135206	53037
5746	135228	53013
5747	135252	52990
5748	135273	52965
5749	135296	52942
5750	135319	52918
5751	135342	52894
5752	135365	52870
5753	135387	52846
5754	135409	52822
5755	135430	52798
5756	135451	52773
5757	135473	52749
5758	135495	52725
5759	135517	52701
5760	135538	52676
5761	135560	52652
5762	135581	52628
5763	135604	52604
5764	135632	52582
5765	135656	52559
5766	135682	52536
5767	135703	52512
5768	135726	52488
5769	135749	52464
5770	135771	52440
5771	135793	52416
5772	135817	52392
5773	135839	52368
5774	135860	52344
5775	135911	52331
5776	135932	52306
5777	135954	52283
5778	135975	52258
5779	135998	52234
5780	136036	52216
5781	136061	52193
5782	136084	52170
5783	136105	52145
5784	136140	52126
5785	136162	52102
5786	136182	52077
5787	136203	52052
5788	136239	52034
5789	136263	52010
5790	136287	51987
5791	136308	51962
5792	136331	51939
5793	136354	51915
5794	136378	51892
5795	136401	51868
5796	136423	51844
5797	136446	51820
5798	136469	51796
5799	136491	51772
5800	136514	51748
5801	136536	51724
5802	136559	51701
5803	136581	51676
5804	136603	51652
5805	136626	51629
5806	136648	51604
5807	136668	51579
5808	136689	51555
5809	136711	51531
5810	136732	51506
5811	136753	51482
5812	136777	51459
5813	136799	51435
5814	136823	51411
5815	136844	51387
5816	136865	51362
5817	136887	51338
5818	136926	51321
5819	136949	51297
5820	136974	51274
5821	136997	51250
5822	137019	51226
5823	137043	51202
5824	137065	51178
5825	137089	51155
5826	137111	51131
5827	137135	51108
5828	137159	51084
5829	137180	51060
5830	137202	51036
5831	137236	51016
5832	137258	50992
5833	137279	50968
5834	137303	50944
5835	137326	50920
5836	137351	50897
5837	137376	50874
5838	137402	50852
5839	137431	50830
5840	137457	50808
5841	137482	50785
5842	137507	50762
5843	137532	50739
5844	137553	50714
5845	137575	50690
5846	137599	50667
5847	137630	50646
5848	137655	50623
5849	137677	50599
5850	137716	50581
5851	137741	50558
5852	137764	50534
5853	137789	50511
5854	137812	50488
5855	137839	50465
5856	137862	50442
5857	137885	50418
5858	137908	50394
5859	137928	50369
5860	137951	50345
5861	137974	50322
5862	137995	50298
5863	138018	50274
5864	138042	50250
5865	138063	50226
5866	138086	50202
5867	138117	50181
5868	138142	50158
5869	138165	50135
5870	138190	50111
5871	138213	50088
5872	138238	50065
5873	138260	50041
5874	138283	50017
5875	138306	49993
5876	138328	49969
5877	138351	49946
5878	138374	49922
5879	138397	49898
5880	138421	49874
5881	138446	49852
5882	138483	49833
5883	138507	49809
5884	138532	49787
5885	138555	49763
5886	138576	49738
5887	138602	49716
5888	138626	49692
5889	138649	49669
5890	138684	49649
5891	138706	49625
5892	138727	49601
5893	138749	49577
5894	138772	49553
5895	138809	49534
5896	138832	49510
5897	138858	49487
5898	138883	49464
5899	138908	49441
5900	138930	49417
5901	138953	49394
5902	138976	49370
5903	138999	49346
5904	139020	49322
5905	139041	49297
5906	139063	49273
5907	139087	49250
5908	139109	49226
5909	139131	49202
5910	139155	49178
5911	139179	49155
5912	139203	49132
5913	139227	49108
5914	139252	49085
5915	139275	49061
5916	139297	49037
5917	139321	49014
5918	139343	48990
5919	139372	48968
5920	139393	48944
5921	139421	48922
5922	139445	48898
5923	139468	48875
5924	139491	48851
5925	139514	48827
5926	139541	48805
5927	139564	48781
5928	139590	48759
5929	139626	48739
5930	139654	48717
5931	139674	48692
5932	139696	48668
5933	139721	48646
5934	139743	48621
5935	139767	48598
5936	139789	48574
5937	139812	48550
5938	139834	48526
5939	139855	48502
5940	139877	48477
5941	139903	48455
5942	139927	48431
5943	139953	48409
5944	139977	48385
5945	140000	48362
5946	140023	48338
5947	140048	48315
5948	140071	48291
5949	140096	48268
5950	140119	48244
5951	140151	48224
5952	140174	48200
5953	140196	48176
5954	140218	48152
5955	140309	48151
5956	140340	48130
5957	140370	48109
5958	140394	48085
5959	140416	48062
5960	140442	48039
5961	140469	48017
5962	140492	47993
5963	140516	47969
5964	140540	47946
5965	140563	47922
5966	140588	47899
5967	140630	47882
5968	140669	47863
5969	140697	47841
5970	140724	47819
5971	140750	47796
5972	140775	47773
5973	140798	47749
5974	140823	47726
5975	140848	47703
5976	140870	47679
5977	140893	47656
5978	140917	47632
5979	140967	47617
5980	140993	47595
5981	141019	47572
5982	141047	47550
5983	141072	47526
5984	141095	47503
5985	141117	47479
5986	141139	47455
5987	141162	47431
5988	141194	47410
5989	141219	47387
5990	141241	47363
5991	141264	47339
5992	141289	47316
5993	141311	47292
5994	141336	47269
5995	141359	47245
5996	141382	47221
5997	141404	47197
5998	141425	47173
5999	141449	47149
6000	141473	47126
6001	141498	47103
6002	141520	47079
6003	141542	47055
6004	141566	47031
6005	141591	47008
6006	141617	46985
6007	141645	46963
6008	141674	46941
6009	141698	46918
6010	141727	46896
6011	141767	46878
6012	141795	46856
6013	141822	46833
6014	141845	46810
6015	141872	46787
6016	141897	46764
6017	141927	46743
6018	141952	46720
6019	141974	46695
6020	141995	46671
6021	142019	46648
6022	142041	46623
6023	142063	46599
6024	142088	46576
6025	142114	46554
6026	142138	46530
6027	142160	46506
6028	142182	46482
6029	142205	46458
6030	142229	46435
6031	142269	46416
6032	142288	46391
6033	142308	46366
6034	142332	46343
6035	142356	46319
6036	142378	46295
6037	142397	46271
6038	142419	46246
6039	142443	46223
6040	142467	46199
6041	142508	46181
6042	142534	46159
6043	142561	46136
6044	142588	46114
6045	142616	46091
6046	142659	46074
6047	142685	46051
6048	142709	46028
6049	142751	46010
6050	142778	45988
6051	142804	45965
6052	142844	45947
6053	142872	45925
6054	142897	45901
6055	142920	45878
6056	142941	45853
6057	142966	45830
6058	142989	45806
6059	143021	45785
6060	143045	45762
6061	143069	45738
6062	143092	45715
6063	143116	45691
6064	143138	45667
6065	143160	45643
6066	143183	45619
6067	143207	45595
6068	143228	45571
6069	143252	45548
6070	143273	45523
6071	143296	45499
6072	143325	45477
6073	143353	45455
6074	143382	45434
6075	143412	45412
6076	143440	45390
6077	143481	45372
6078	143510	45350
6079	143537	45327
6080	143565	45305
6081	143591	45282
6082	143620	45260
6083	143649	45238
6084	143673	45215
6085	143710	45195
6086	143732	45171
6087	143755	45147
6088	143779	45124
6089	143803	45100
6090	143825	45076
6091	143849	45053
6092	143897	45037
6093	143916	45012
6094	143937	44988
6095	143960	44964
6096	143983	44940
6097	144006	44916
6098	144024	44891
6099	144048	44867
6100	144071	44843
6101	144101	44822
6102	144125	44798
6103	144150	44775
6104	144173	44751
6105	144197	44728
6106	144220	44704
6107	144243	44680
6108	144266	44656
6109	144289	44632
6110	144315	44609
6111	144344	44588
6112	144372	44565
6113	144399	44543
6114	144425	44520
6115	144464	44501
6116	144492	44479
6117	144523	44457
6118	144549	44434
6119	144571	44410
6120	144599	44388
6121	144624	44365
6122	144649	44342
6123	144673	44318
6124	144699	44295
6125	144725	44272
6126	144750	44249
6127	144773	44225
6128	144798	44202
6129	144822	44179
6130	144846	44155
6131	144871	44132
6132	144895	44109
6133	144919	44085
6134	144942	44061
6135	144968	44038
6136	144991	44014
6137	145017	43991
6138	145041	43968
6139	145064	43944
6140	145086	43920
6141	145108	43896
6142	145132	43872
6143	145153	43848
6144	145180	43825
6145	145203	43802
6146	145225	43777
6147	145247	43753
6148	145270	43729
6149	145295	43706
6150	145320	43683
6151	145344	43660
6152	145367	43636
6153	145391	43612
6154	145414	43588
6155	145436	43564
6156	145459	43541
6157	145506	43524
6158	145534	43502
6159	145563	43480
6160	145588	43456
6161	145613	43433
6162	145637	43410
6163	145662	43386
6164	145686	43363
6165	145709	43339
6166	145733	43315
6167	145755	43291
6168	145779	43268
6169	145803	43244
6170	145825	43220
6171	145848	43196
6172	145870	43172
6173	145891	43148
6174	145914	43124
6175	145933	43099
6176	145967	43079
6177	145990	43055
6178	146012	43030
6179	146035	43007
6180	146060	42983
6181	146082	42959
6182	146105	42936
6183	146131	42913
6184	146156	42889
6185	146180	42866
6186	146204	42842
6187	146228	42819
6188	146251	42795
6189	146275	42771
6190	146299	42748
6191	146324	42725
6192	146348	42701
6193	146372	42678
6194	146396	42654
6195	146416	42630
6196	146439	42606
6197	146461	42582
6198	146483	42557
6199	146506	42534
6200	146526	42509
6201	146565	42490
6202	146592	42467
6203	146615	42443
6204	146638	42419
6205	146660	42396
6206	146684	42372
6207	146707	42348
6208	146730	42324
6209	146755	42301
6210	146778	42277
6211	146800	42253
6212	146825	42230
6213	146846	42205
6214	146869	42182
6215	146889	42157
6216	146911	42133
6217	146933	42109
6218	146957	42085
6219	146978	42061
6220	147000	42037
6221	147022	42013
6222	147045	41989
6223	147091	41972
6224	147113	41948
6225	147136	41924
6226	147159	41900
6227	147180	41875
6228	147203	41852
6229	147226	41828
6230	147248	41804
6231	147273	41781
6232	147296	41757
6233	147319	41733
6234	147340	41709
6235	147363	41685
6236	147384	41660
6237	147406	41636
6238	147430	41613
6239	147455	41590
6240	147478	41566
6241	147497	41541
6242	147523	41518
6243	147542	41493
6244	147563	41469
6245	147587	41445
6246	147606	41420
6247	147626	41395
6248	147646	41371
6249	147668	41347
6250	147688	41322
6251	147706	41297
6252	147731	41274
6253	147754	41250
6254	147776	41226
6255	147799	41202
6256	147822	41178
6257	147845	41154
6258	147866	41130
6259	147888	41106
6260	147908	41081
6261	147930	41057
6262	147954	41034
6263	147991	41014
6264	148045	40999
6265	148077	40977
6266	148105	40955
6267	148132	40932
6268	148155	40908
6269	148183	40886
6270	148209	40863
6271	148250	40844
6272	148276	40821
6273	148304	40799
6274	148330	40776
6275	148364	40755
6276	148393	40733
6277	148419	40710
6278	148450	40688
6279	148486	40668
6280	148509	40644
6281	148536	40621
6282	148567	40600
6283	148596	40577
6284	148625	40555
6285	148661	40535
6286	148693	40513
6287	148718	40490
6288	148741	40466
6289	148768	40444
6290	148791	40420
6291	148813	40396
6292	148835	40372
6293	148856	40347
6294	148877	40323
6295	148899	40299
6296	148920	40275
6297	148942	40250
6298	148963	40226
6299	148985	40202
6300	149005	40177
6301	149027	40153
6302	149051	40130
6303	149074	40106
6304	149095	40081
6305	149118	40058
6306	149138	40033
6307	149158	40008
6308	149181	39985
6309	149204	39961
6310	149225	39936
6311	149247	39912
6312	149267	39888
6313	149288	39863
6314	149309	39839
6315	149334	39816
6316	149355	39791
6317	149376	39767
6318	149400	39743
6319	149419	39719
6320	149443	39695
6321	149465	39671
6322	149487	39647
6323	149509	39623
6324	149534	39599
6325	149555	39575
6326	149577	39551
6327	149613	39531
6328	149635	39507
6329	149657	39483
6330	149681	39459
6331	149703	39435
6332	149726	39411
6333	149749	39387
6334	149771	39363
6335	149792	39339
6336	149814	39315
6337	149836	39291
6338	149857	39267
6339	149880	39243
6340	149903	39219
6341	149924	39194
6342	149946	39170
6343	149969	39147
6344	149989	39122
6345	150009	39097
6346	150032	39074
6347	150054	39050
6348	150076	39026
6349	150099	39002
6350	150120	38978
6351	150142	38953
6352	150165	38929
6353	150187	38905
6354	150207	38881
6355	150228	38857
6356	150250	38833
6357	150271	38808
6358	150293	38784
6359	150314	38760
6360	150336	38736
6361	150359	38712
6362	150383	38689
6363	150406	38665
6364	150427	38640
6365	150449	38616
6366	150471	38592
6367	150501	38570
6368	150524	38547
6369	150548	38523
6370	150569	38499
6371	150592	38475
6372	150614	38451
6373	150637	38427
6374	150659	38403
6375	150682	38379
6376	150714	38358
6377	150738	38334
6378	150758	38309
6379	150786	38287
6380	150809	38263
6381	150831	38239
6382	150853	38215
6383	150875	38191
6384	150897	38167
6385	150917	38142
6386	150938	38118
6387	150960	38094
6388	150981	38070
6389	151013	38048
6390	151035	38024
6391	151058	38000
6392	151078	37976
6393	151127	37959
6394	151151	37935
6395	151173	37911
6396	151193	37887
6397	151214	37862
6398	151235	37838
6399	151256	37814
6400	151278	37790
6401	151300	37766
6402	151323	37742
6403	151362	37722
6404	151384	37698
6405	151406	37674
6406	151428	37650
6407	151449	37626
6408	151470	37601
6409	151492	37577
6410	151514	37553
6411	151536	37529
6412	151560	37506
6413	151583	37482
6414	151607	37458
6415	151628	37434
6416	151651	37410
6417	151671	37386
6418	151692	37361
6419	151718	37338
6420	151740	37314
6421	151765	37291
6422	151789	37267
6423	151812	37244
6424	151839	37221
6425	151861	37197
6426	151884	37173
6427	151905	37149
6428	151927	37125
6429	151951	37101
6430	151973	37077
6431	151994	37053
6432	152016	37029
6433	152041	37006
6434	152063	36982
6435	152085	36957
6436	152108	36934
6437	152132	36910
6438	152155	36886
6439	152175	36862
6440	152207	36840
6441	152232	36817
6442	152252	36793
6443	152273	36768
6444	152293	36744
6445	152314	36720
6446	152336	36696
6447	152360	36672
6448	152381	36647
6449	152402	36623
6450	152422	36599
6451	152448	36576
6452	152473	36552
6453	152535	36538
6454	152559	36515
6455	152581	36490
6456	152600	36466
6457	152619	36441
6458	152642	36417
6459	152662	36393
6460	152683	36369
6461	152703	36344
6462	152727	36320
6463	152747	36296
6464	152768	36272
6465	152789	36248
6466	152810	36223
6467	152831	36199
6468	152852	36175
6469	152875	36151
6470	152896	36127
6471	152919	36103
6472	152942	36079
6473	152964	36055
6474	152986	36031
6475	153007	36007
6476	153029	35983
6477	153051	35959
6478	153073	35935
6479	153094	35910
6480	153114	35886
6481	153136	35862
6482	153154	35837
6483	153176	35813
6484	153197	35789
6485	153220	35765
6486	153242	35741
6487	153262	35717
6488	153284	35693
6489	153307	35669
6490	153329	35645
6491	153351	35621
6492	153373	35597
6493	153395	35573
6494	153413	35548
6495	153435	35524
6496	153456	35500
6497	153478	35476
6498	153498	35451
6499	153521	35428
6500	153543	35404
6501	153568	35380
6502	153591	35356
6503	153618	35334
6504	153639	35309
6505	153662	35286
6506	153684	35262
6507	153705	35237
6508	153728	35214
6509	153750	35190
6510	153785	35169
6511	153807	35145
6512	153829	35121
6513	153850	35097
6514	153874	35073
6515	153895	35049
6516	153915	35024
6517	153937	35000
6518	153959	34976
6519	153982	34953
6520	154003	34928
6521	154022	34904
6522	154043	34879
6523	154063	34855
6524	154085	34831
6525	154106	34807
6526	154125	34782
6527	154146	34758
6528	154168	34734
6529	154189	34710
6530	154210	34686
6531	154233	34662
6532	154256	34638
6533	154277	34614
6534	154298	34590
6535	154322	34566
6536	154344	34542
6537	154366	34518
6538	154389	34494
6539	154410	34470
6540	154430	34446
6541	154452	34422
6542	154473	34398
6543	154493	34373
6544	154533	34353
6545	154561	34331
6546	154584	34307
6547	154605	34283
6548	154627	34259
6549	154650	34235
6550	154672	34211
6551	154692	34187
6552	154714	34163
6553	154736	34139
6554	154757	34115
6555	154777	34090
6556	154801	34067
6557	154836	34046
6558	154858	34022
6559	154883	33998
6560	154904	33974
6561	154925	33950
6562	154949	33927
6563	154974	33903
6564	154999	33880
6565	155027	33857
6566	155054	33834
6567	155082	33812
6568	155109	33789
6569	155141	33767
6570	155178	33746
6571	155249	33733
6572	155276	33710
6573	155299	33686
6574	155322	33663
6575	155342	33638
6576	155366	33615
6577	155391	33591
6578	155416	33568
6579	155439	33544
6580	155462	33520
6581	155484	33497
6582	155506	33473
6583	155532	33449
6584	155578	33431
6585	155603	33407
6586	155629	33384
6587	155654	33361
6588	155693	33340
6589	155720	33318
6590	155745	33294
6591	155766	33270
6592	155790	33246
6593	155813	33223
6594	155834	33198
6595	155858	33175
6596	155882	33151
6597	155906	33128
6598	155928	33104
6599	155952	33080
6600	155975	33057
6601	155996	33032
6602	156017	33008
6603	156039	32984
6604	156063	32961
6605	156086	32937
6606	156107	32913
6607	156128	32889
6608	156152	32865
6609	156175	32841
6610	156195	32817
6611	156218	32793
6612	156240	32769
6613	156263	32745
6614	156285	32721
6615	156306	32697
6616	156328	32673
6617	156353	32650
6618	156375	32626
6619	156398	32602
6620	156421	32578
6621	156442	32554
6622	156464	32530
6623	156486	32506
6624	156509	32483
6625	156534	32459
6626	156560	32436
6627	156582	32412
6628	156603	32388
6629	156624	32364
6630	156645	32340
6631	156682	32319
6632	156705	32295
6633	156727	32271
6634	156746	32247
6635	156770	32223
6636	156795	32200
6637	156822	32177
6638	156844	32153
6639	156867	32129
6640	156892	32106
6641	156919	32083
6642	156945	32060
6643	156969	32036
6644	156993	32013
6645	157016	31989
6646	157041	31965
6647	157082	31945
6648	157111	31923
6649	157136	31899
6650	157160	31876
6651	157181	31852
6652	157204	31828
6653	157225	31804
6654	157246	31780
6655	157276	31757
6656	157298	31733
6657	157321	31710
6658	157343	31686
6659	157365	31662
6660	157388	31638
6661	157411	31614
6662	157432	31590
6663	157453	31566
6664	157475	31542
6665	157513	31521
6666	157540	31498
6667	157563	31474
6668	157585	31451
6669	157607	31426
6670	157628	31402
6671	157649	31378
6672	157677	31355
6673	157705	31333
6674	157730	31309
6675	157758	31287
6676	157783	31263
6677	157807	31240
6678	157831	31216
6679	157852	31192
6680	157875	31168
6681	157899	31145
6682	157925	31121
6683	157952	31098
6684	157977	31075
6685	158007	31053
6686	158038	31030
6687	158060	31007
6688	158082	30983
6689	158103	30958
6690	158125	30935
6691	158148	30911
6692	158168	30886
6693	158191	30863
6694	158213	30839
6695	158235	30815
6696	158257	30791
6697	158279	30767
6698	158303	30743
6699	158326	30720
6700	158350	30696
6701	158375	30673
6702	158393	30648
6703	158414	30624
6704	158436	30600
6705	158459	30576
6706	158481	30552
6707	158501	30528
6708	158523	30504
6709	158547	30480
6710	158586	30460
6711	158608	30436
6712	158630	30412
6713	158652	30388
6714	158673	30364
6715	158694	30339
6716	158716	30316
6717	158737	30292
6718	158757	30267
6719	158781	30244
6720	158805	30220
6721	158827	30196
6722	158849	30172
6723	158871	30148
6724	158891	30124
6725	158922	30102
6726	158942	30077
6727	158961	30053
6728	158982	30029
6729	159005	30005
6730	159025	29981
6731	159045	29956
6732	159066	29932
6733	159088	29908
6734	159109	29884
6735	159132	29860
6736	159153	29836
6737	159175	29812
6738	159199	29789
6739	159222	29765
6740	159246	29742
6741	159267	29717
6742	159288	29693
6743	159311	29670
6744	159335	29646
6745	159358	29622
6746	159377	29598
6747	159399	29574
6748	159417	29549
6749	159440	29525
6750	159460	29501
6751	159481	29477
6752	159504	29453
6753	159527	29430
6754	159548	29406
6755	159569	29382
6756	159588	29357
6757	159609	29333
6758	159633	29309
6759	159655	29285
6760	159676	29261
6761	159716	29241
6762	159737	29217
6763	159757	29192
6764	159778	29168
6765	159800	29144
6766	159821	29120
6767	159844	29097
6768	159864	29072
6769	159885	29048
6770	159907	29024
6771	159929	29000
6772	159952	28976
6773	159974	28953
6774	159997	28929
6775	160020	28905
6776	160042	28881
6777	160065	28858
6778	160088	28834
6779	160111	28810
6780	160134	28786
6781	160156	28762
6782	160178	28739
6783	160200	28715
6784	160240	28694
6785	160263	28670
6786	160286	28646
6787	160307	28623
6788	160328	28598
6789	160351	28575
6790	160373	28551
6791	160396	28527
6792	160417	28503
6793	160438	28479
6794	160461	28455
6795	160482	28431
6796	160502	28407
6797	160524	28383
6798	160548	28359
6799	160569	28335
6800	160592	28312
6801	160616	28288
6802	160639	28264
6803	160663	28241
6804	160683	28217
6805	160706	28193
6806	160727	28169
6807	160750	28145
6808	160772	28121
6809	160794	28097
6810	160814	28073
6811	160834	28049
6812	160856	28025
6813	160880	28001
6814	160901	27977
6815	160930	27955
6816	160952	27931
6817	160973	27907
6818	160995	27883
6819	161016	27859
6820	161037	27835
6821	161059	27811
6822	161081	27787
6823	161100	27763
6824	161122	27738
6825	161143	27715
6826	161165	27691
6827	161199	27669
6828	161221	27645
6829	161243	27621
6830	161265	27597
6831	161288	27573
6832	161310	27549
6833	161330	27525
6834	161353	27502
6835	161375	27478
6836	161396	27454
6837	161426	27431
6838	161448	27407
6839	161468	27383
6840	161492	27359
6841	161514	27336
6842	161538	27312
6843	161559	27288
6844	161581	27264
6845	161621	27243
6846	161649	27221
6847	161676	27197
6848	161705	27175
6849	161728	27151
6850	161749	27127
6851	161771	27103
6852	161794	27079
6853	161817	27056
6854	161841	27032
6855	161862	27008
6856	161885	26984
6857	161909	26961
6858	161930	26937
6859	161953	26913
6860	161976	26889
6861	161997	26865
6862	162020	26842
6863	162044	26818
6864	162066	26794
6865	162090	26771
6866	162113	26747
6867	162135	26723
6868	162157	26699
6869	162181	26676
6870	162220	26655
6871	162242	26631
6872	162264	26607
6873	162285	26583
6874	162307	26559
6875	162330	26535
6876	162352	26511
6877	162376	26488
6878	162397	26464
6879	162419	26440
6880	162444	26417
6881	162466	26393
6882	162490	26369
6883	162513	26345
6884	162536	26322
6885	162573	26300
6886	162595	26276
6887	162616	26252
6888	162638	26228
6889	162659	26204
6890	162681	26181
6891	162701	26156
6892	162724	26133
6893	162747	26109
6894	162772	26086
6895	162793	26062
6896	162814	26038
6897	162853	26016
6898	162880	25993
6899	162905	25970
6900	162929	25946
6901	162951	25923
6902	162973	25899
6903	162995	25875
6904	163019	25851
6905	163042	25827
6906	163064	25804
6907	163083	25779
6908	163110	25756
6909	163132	25732
6910	163155	25709
6911	163178	25685
6912	163200	25661
6913	163221	25637
6914	163241	25613
6915	163262	25589
6916	163285	25565
6917	163305	25541
6918	163326	25517
6919	163347	25493
6920	163371	25469
6921	163394	25446
6922	163412	25421
6923	163435	25398
6924	163456	25374
6925	163480	25350
6926	163505	25327
6927	163533	25304
6928	163557	25280
6929	163584	25257
6930	163615	25235
6931	163642	25212
6932	163669	25188
6933	163693	25165
6934	163724	25142
6935	163751	25119
6936	163780	25097
6937	163815	25075
6938	163850	25053
6939	163880	25030
6940	163903	25007
6941	163925	24983
6942	163947	24959
6943	163968	24935
6944	163989	24911
6945	164013	24887
6946	164036	24864
6947	164060	24840
6948	164082	24816
6949	164105	24792
6950	164128	24769
6951	164149	24745
6952	164172	24721
6953	164194	24697
6954	164215	24673
6955	164236	24649
6956	164261	24626
6957	164281	24602
6958	164306	24578
6959	164329	24555
6960	164353	24531
6961	164375	24507
6962	164395	24483
6963	164419	24459
6964	164443	24436
6965	164464	24412
6966	164487	24388
6967	164512	24365
6968	164535	24341
6969	164557	24317
6970	164579	24293
6971	164603	24270
6972	164625	24246
6973	164647	24222
6974	164670	24198
6975	164693	24175
6976	164714	24151
6977	164736	24127
6978	164759	24103
6979	164783	24080
6980	164804	24056
6981	164828	24032
6982	164849	24008
6983	164875	23985
6984	164897	23961
6985	164918	23937
6986	164943	23914
6987	164965	23890
6988	164986	23866
6989	165008	23842
6990	165030	23818
6991	165052	23794
6992	165074	23770
6993	165098	23747
6994	165120	23723
6995	165150	23700
6996	165172	23676
6997	165195	23653
6998	165218	23629
6999	165241	23605
7000	165265	23582
7001	165289	23558
7002	165312	23535
7003	165335	23511
7004	165358	23487
7005	165377	23463
7006	165398	23439
7007	165422	23416
7008	165444	23392
7009	165468	23368
7010	165493	23345
7011	165517	23321
7012	165539	23297
7013	165562	23274
7014	165587	23250
7015	165611	23227
7016	165635	23203
7017	165658	23179
7018	165682	23156
7019	165706	23132
7020	165728	23108
7021	165751	23085
7022	165774	23061
7023	165795	23037
7024	165817	23013
7025	165838	22989
7026	165860	22965
7027	165883	22942
7028	165905	22918
7029	165925	22894
7030	165946	22870
7031	165970	22846
7032	165993	22823
7033	166015	22799
7034	166036	22775
7035	166058	22751
7036	166081	22727
7037	166106	22704
7038	166128	22680
7039	166149	22656
7040	166172	22633
7041	166193	22609
7042	166215	22585
7043	166237	22561
7044	166261	22537
7045	166282	22513
7046	166303	22490
7047	166332	22467
7048	166356	22443
7049	166377	22419
7050	166402	22396
7051	166425	22372
7052	166446	22348
7053	166467	22324
7054	166491	22301
7055	166517	22277
7056	166540	22254
7057	166562	22230
7058	166584	22206
7059	166607	22182
7060	166630	22159
7061	166654	22135
7062	166676	22111
7063	166700	22088
7064	166725	22064
7065	166747	22041
7066	166770	22017
7067	166790	21993
7068	166815	21969
7069	166844	21947
7070	166874	21924
7071	166900	21900
7072	166922	21877
7073	166944	21853
7074	166967	21829
7075	166987	21805
7076	167008	21781
7077	167031	21758
7078	167060	21735
7079	167089	21712
7080	167122	21689
7081	167148	21666
7082	167172	21642
7083	167198	21619
7084	167245	21599
7085	167277	21576
7086	167303	21553
7087	167328	21529
7088	167356	21506
7089	167378	21482
7090	167401	21459
7091	167426	21435
7092	167463	21413
7093	167488	21390
7094	167513	21367
7095	167534	21343
7096	167556	21319
7097	167580	21295
7098	167602	21272
7099	167626	21248
7100	167650	21224
7101	167672	21201
7102	167694	21177
7103	167715	21153
7104	167738	21129
7105	167763	21106
7106	167783	21082
7107	167804	21058
7108	167825	21034
7109	167854	21011
7110	167877	20987
7111	167899	20963
7112	167920	20939
7113	167944	20916
7114	167966	20892
7115	167987	20868
7116	168009	20844
7117	168033	20821
7118	168053	20797
7119	168080	20774
7120	168103	20750
7121	168127	20726
7122	168150	20703
7123	168174	20679
7124	168197	20655
7125	168220	20632
7126	168242	20608
7127	168264	20584
7128	168288	20560
7129	168310	20537
7130	168333	20513
7131	168355	20489
7132	168378	20466
7133	168402	20442
7134	168424	20418
7135	168445	20394
7136	168467	20370
7137	168491	20347
7138	168515	20323
7139	168535	20299
7140	168558	20276
7141	168581	20252
7142	168606	20228
7143	168628	20205
7144	168650	20181
7145	168673	20157
7146	168696	20134
7147	168729	20111
7148	168753	20087
7149	168777	20064
7150	168796	20040
7151	168817	20016
7152	168838	19992
7153	168869	19969
7154	168892	19946
7155	168915	19922
7156	168940	19898
7157	168962	19875
7158	168981	19850
7159	169005	19827
7160	169029	19803
7161	169051	19780
7162	169072	19756
7163	169094	19732
7164	169117	19708
7165	169155	19686
7166	169179	19663
7167	169200	19639
7168	169223	19615
7169	169245	19591
7170	169268	19568
7171	169289	19544
7172	169310	19520
7173	169332	19496
7174	169354	19472
7175	169378	19449
7176	169401	19425
7177	169420	19401
7178	169446	19378
7179	169474	19355
7180	169499	19331
7181	169520	19307
7182	169553	19285
7183	169577	19261
7184	169600	19237
7185	169621	19214
7186	169644	19190
7187	169667	19166
7188	169693	19143
7189	169720	19120
7190	169743	19096
7191	169766	19072
7192	169789	19049
7193	169813	19025
7194	169839	19002
7195	169861	18978
7196	169884	18954
7197	169907	18931
7198	169930	18907
7199	169954	18883
7200	169977	18860
7201	170000	18836
7202	170025	18813
7203	170047	18789
7204	170069	18765
7205	170092	18741
7206	170164	18723
7207	170213	18702
7208	170256	18681
7209	170287	18658
7210	170318	18635
7211	170354	18613
7212	170388	18590
7213	170427	18568
7214	170455	18545
7215	170486	18522
7216	170512	18499
7217	170562	18478
7218	170593	18455
7219	170626	18433
7220	170668	18411
7221	170704	18389
7222	170748	18367
7223	170776	18344
7224	170804	18321
7225	170829	18298
7226	170855	18274
7227	170881	18251
7228	170905	18227
7229	170939	18205
7230	170964	18181
7231	170987	18158
7232	171011	18134
7233	171037	18110
7234	171060	18087
7235	171082	18063
7236	171105	18039
7237	171129	18016
7238	171151	17992
7239	171174	17968
7240	171198	17944
7241	171223	17921
7242	171245	17897
7243	171268	17873
7244	171289	17850
7245	171311	17826
7246	171333	17802
7247	171354	17778
7248	171376	17754
7249	171398	17730
7250	171421	17707
7251	171443	17683
7252	171468	17659
7253	171489	17635
7254	171511	17612
7255	171536	17588
7256	171559	17564
7257	171582	17541
7258	171603	17517
7259	171627	17493
7260	171651	17470
7261	171673	17446
7262	171694	17422
7263	171715	17398
7264	171739	17374
7265	171760	17350
7266	171781	17327
7267	171803	17303
7268	171824	17279
7269	171846	17255
7270	171868	17231
7271	171896	17208
7272	171920	17184
7273	171944	17161
7274	171971	17138
7275	171997	17114
7276	172022	17091
7277	172046	17067
7278	172073	17044
7279	172113	17022
7280	172138	16998
7281	172162	16975
7282	172188	16951
7283	172213	16928
7284	172245	16905
7285	172267	16881
7286	172290	16857
7287	172312	16834
7288	172334	16810
7289	172357	16786
7290	172382	16762
7291	172405	16739
7292	172427	16715
7293	172452	16691
7294	172476	16668
7295	172502	16644
7296	172523	16621
7297	172544	16597
7298	172567	16573
7299	172589	16549
7300	172610	16525
7301	172633	16502
7302	172656	16478
7303	172679	16454
7304	172699	16430
7305	172721	16406
7306	172743	16383
7307	172765	16359
7308	172788	16335
7309	172808	16311
7310	172831	16287
7311	172853	16264
7312	172878	16240
7313	172904	16217
7314	172932	16193
7315	172957	16170
7316	172981	16146
7317	173009	16123
7318	173037	16100
7319	173064	16077
7320	173100	16054
7321	173125	16031
7322	173152	16007
7323	173181	15984
7324	173205	15960
7325	173226	15937
7326	173248	15913
7327	173270	15889
7328	173291	15865
7329	173313	15841
7330	173334	15817
7331	173354	15793
7332	173376	15770
7333	173397	15746
7334	173419	15722
7335	173443	15698
7336	173463	15674
7337	173488	15651
7338	173511	15627
7339	173549	15605
7340	173572	15581
7341	173596	15557
7342	173634	15535
7343	173657	15511
7344	173678	15488
7345	173698	15464
7346	173721	15440
7347	173745	15416
7348	173767	15392
7349	173785	15368
7350	173807	15344
7351	173829	15321
7352	173855	15297
7353	173878	15274
7354	173905	15250
7355	173929	15227
7356	173953	15203
7357	173976	15179
7358	173997	15155
7359	174019	15132
7360	174044	15108
7361	174068	15085
7362	174090	15061
7363	174112	15037
7364	174134	15013
7365	174156	14989
7366	174176	14965
7367	174197	14942
7368	174218	14918
7369	174238	14894
7370	174261	14870
7371	174283	14846
7372	174305	14822
7373	174328	14799
7374	174350	14775
7375	174373	14751
7376	174394	14727
7377	174417	14704
7378	174439	14680
7379	174463	14656
7380	174484	14633
7381	174508	14609
7382	174530	14585
7383	174551	14561
7384	174574	14538
7385	174597	14514
7386	174634	14491
7387	174654	14467
7388	174676	14444
7389	174696	14420
7390	174718	14396
7391	174742	14372
7392	174764	14348
7393	174799	14326
7394	174823	14302
7395	174846	14278
7396	174869	14255
7397	174894	14231
7398	174915	14207
7399	174939	14184
7400	174960	14160
7401	174981	14136
7402	175002	14112
7403	175027	14089
7404	175051	14065
7405	175074	14041
7406	175093	14017
7407	175115	13994
7408	175138	13970
7409	175160	13946
7410	175186	13923
7411	175207	13899
7412	175229	13875
7413	175250	13851
7414	175271	13827
7415	175294	13804
7416	175316	13780
7417	175339	13756
7418	175361	13732
7419	175384	13709
7420	175406	13685
7421	175426	13661
7422	175449	13637
7423	175472	13614
7424	175498	13590
7425	175520	13567
7426	175542	13543
7427	175564	13519
7428	175585	13495
7429	175609	13472
7430	175631	13448
7431	175656	13424
7432	175678	13401
7433	175699	13377
7434	175723	13353
7435	175745	13329
7436	175766	13305
7437	175787	13282
7438	175811	13258
7439	175835	13234
7440	175860	13211
7441	175882	13187
7442	175915	13164
7443	175937	13140
7444	175959	13117
7445	175980	13093
7446	176003	13069
7447	176025	13045
7448	176049	13022
7449	176072	12998
7450	176093	12974
7451	176114	12951
7452	176137	12927
7453	176161	12903
7454	176184	12879
7455	176209	12856
7456	176233	12832
7457	176255	12809
7458	176276	12785
7459	176294	12761
7460	176317	12737
7461	176342	12714
7462	176365	12690
7463	176388	12666
7464	176409	12642
7465	176432	12619
7466	176456	12595
7467	176478	12571
7468	176500	12548
7469	176520	12524
7470	176543	12500
7471	176565	12476
7472	176588	12453
7473	176610	12429
7474	176634	12405
7475	176657	12382
7476	176679	12358
7477	176703	12334
7478	176725	12310
7479	176746	12287
7480	176768	12263
7481	176789	12239
7482	176812	12215
7483	176837	12192
7484	176859	12168
7485	176880	12144
7486	176904	12121
7487	176925	12097
7488	176943	12073
7489	176965	12049
7490	176989	12026
7491	177037	12004
7492	177060	11980
7493	177085	11956
7494	177109	11933
7495	177129	11909
7496	177151	11885
7497	177175	11862
7498	177196	11838
7499	177218	11814
7500	177241	11790
7501	177261	11767
7502	177284	11743
7503	177308	11719
7504	177331	11696
7505	177353	11672
7506	177376	11648
7507	177399	11625
7508	177420	11601
7509	177444	11577
7510	177467	11553
7511	177489	11530
7512	177510	11506
7513	177532	11482
7514	177554	11458
7515	177574	11435
7516	177593	11411
7517	177614	11387
7518	177637	11363
7519	177658	11339
7520	177679	11316
7521	177702	11292
7522	177724	11268
7523	177747	11245
7524	177774	11221
7525	177804	11198
7526	177829	11174
7527	177854	11151
7528	177876	11127
7529	177899	11103
7530	177926	11080
7531	177950	11056
7532	177971	11033
7533	177992	11009
7534	178017	10985
7535	178038	10962
7536	178062	10938
7537	178086	10914
7538	178107	10891
7539	178126	10867
7540	178144	10843
7541	178167	10819
7542	178189	10795
7543	178212	10772
7544	178234	10748
7545	178256	10724
7546	178277	10700
7547	178325	10678
7548	178347	10655
7549	178367	10631
7550	178389	10607
7551	178410	10583
7552	178432	10559
7553	178455	10536
7554	178478	10512
7555	178500	10488
7556	178524	10465
7557	178548	10441
7558	178570	10418
7559	178591	10394
7560	178623	10371
7561	178646	10347
7562	178669	10323
7563	178696	10300
7564	178724	10276
7565	178749	10253
7566	178773	10229
7567	178800	10206
7568	178827	10182
7569	178853	10159
7570	178878	10135
7571	178904	10112
7572	178931	10088
7573	178959	10065
7574	178987	10042
7575	179019	10019
7576	179053	9995
7577	179085	9972
7578	179109	9949
7579	179134	9925
7580	179162	9902
7581	179185	9878
7582	179207	9854
7583	179229	9831
7584	179249	9807
7585	179273	9783
7586	179296	9760
7587	179318	9736
7588	179339	9712
7589	179360	9688
7590	179383	9665
7591	179406	9641
7592	179427	9617
7593	179452	9594
7594	179477	9570
7595	179502	9546
7596	179525	9523
7597	179551	9499
7598	179585	9476
7599	179608	9453
7600	179630	9429
7601	179652	9405
7602	179676	9382
7603	179717	9359
7604	179739	9335
7605	179761	9311
7606	179796	9288
7607	179821	9265
7608	179844	9241
7609	179867	9217
7610	179891	9194
7611	179914	9170
7612	179937	9146
7613	179960	9123
7614	179981	9099
7615	180002	9075
7616	180040	9052
7617	180062	9029
7618	180084	9005
7619	180106	8981
7620	180128	8957
7621	180149	8934
7622	180174	8910
7623	180195	8886
7624	180217	8863
7625	180258	8840
7626	180281	8816
7627	180303	8792
7628	180325	8769
7629	180346	8745
7630	180371	8721
7631	180394	8698
7632	180417	8674
7633	180440	8650
7634	180464	8627
7635	180486	8603
7636	180509	8579
7637	180532	8556
7638	180553	8532
7639	180576	8508
7640	180599	8485
7641	180622	8461
7642	180643	8437
7643	180663	8413
7644	180684	8390
7645	180703	8366
7646	180725	8342
7647	180746	8318
7648	180766	8295
7649	180788	8271
7650	180809	8247
7651	180837	8224
7652	180859	8200
7653	180880	8176
7654	180902	8152
7655	180925	8129
7656	180955	8106
7657	180978	8082
7658	181000	8058
7659	181021	8034
7660	181046	8011
7661	181068	7987
7662	181089	7963
7663	181111	7940
7664	181131	7916
7665	181153	7892
7666	181175	7868
7667	181197	7845
7668	181216	7821
7669	181237	7797
7670	181261	7774
7671	181283	7750
7672	181307	7726
7673	181328	7703
7674	181351	7679
7675	181373	7655
7676	181395	7631
7677	181416	7608
7678	181438	7584
7679	181462	7560
7680	181483	7537
7681	181503	7513
7682	181524	7489
7683	181546	7465
7684	181568	7442
7685	181590	7418
7686	181612	7394
7687	181633	7371
7688	181655	7347
7689	181677	7323
7690	181698	7300
7691	181719	7276
7692	181737	7252
7693	181757	7228
7694	181779	7205
7695	181801	7181
7696	181824	7157
7697	181845	7133
7698	181865	7110
7699	181888	7086
7700	181922	7063
7701	181944	7039
7702	181964	7015
7703	181987	6992
7704	182008	6968
7705	182029	6944
7706	182052	6921
7707	182074	6897
7708	182096	6873
7709	182120	6850
7710	182145	6826
7711	182167	6802
7712	182188	6779
7713	182211	6755
7714	182235	6731
7715	182269	6708
7716	182293	6685
7717	182314	6661
7718	182336	6637
7719	182357	6614
7720	182377	6590
7721	182400	6566
7722	182434	6543
7723	182457	6519
7724	182478	6496
7725	182501	6472
7726	182523	6448
7727	182545	6425
7728	182567	6401
7729	182591	6377
7730	182614	6354
7731	182635	6330
7732	182660	6306
7733	182683	6283
7734	182704	6259
7735	182726	6235
7736	182750	6212
7737	182773	6188
7738	182794	6164
7739	182816	6141
7740	182838	6117
7741	182859	6093
7742	182881	6070
7743	182904	6046
7744	182927	6022
7745	182961	5999
7746	182984	5975
7747	183008	5952
7748	183033	5928
7749	183055	5905
7750	183080	5881
7751	183103	5857
7752	183126	5834
7753	183148	5810
7754	183166	5786
7755	183188	5763
7756	183211	5739
7757	183234	5715
7758	183257	5692
7759	183277	5668
7760	183308	5644
7761	183330	5621
7762	183353	5597
7763	183376	5574
7764	183398	5550
7765	183421	5526
7766	183444	5503
7767	183467	5479
7768	183490	5455
7769	183513	5432
7770	183533	5408
7771	183555	5384
7772	183577	5361
7773	183599	5337
7774	183620	5313
7775	183643	5290
7776	183666	5266
7777	183690	5242
7778	183713	5219
7779	183735	5195
7780	183759	5171
7781	183781	5148
7782	183803	5124
7783	183824	5100
7784	183847	5077
7785	183870	5053
7786	183892	5030
7787	183913	5006
7788	183934	4982
7789	183957	4959
7790	183979	4935
7791	184000	4911
7792	184025	4888
7793	184057	4864
7794	184079	4841
7795	184102	4817
7796	184126	4793
7797	184148	4770
7798	184182	4746
7799	184205	4723
7800	184227	4699
7801	184248	4675
7802	184269	4652
7803	184292	4628
7804	184313	4604
7805	184336	4581
7806	184358	4557
7807	184380	4533
7808	184402	4510
7809	184427	4486
7810	184451	4463
7811	184471	4439
7812	184493	4415
7813	184514	4392
7814	184537	4368
7815	184559	4344
7816	184580	4321
7817	184604	4297
7818	184626	4273
7819	184649	4250
7820	184671	4226
7821	184692	4202
7822	184714	4179
7823	184736	4155
7824	184762	4132
7825	184785	4108
7826	184808	4084
7827	184830	4061
7828	184854	4037
7829	184877	4013
7830	184900	3990
7831	184922	3966
7832	184943	3943
7833	184966	3919
7834	184989	3895
7835	185012	3872
7836	185034	3848
7837	185115	3826
7838	185148	3802
7839	185173	3779
7840	185196	3755
7841	185220	3731
7842	185243	3708
7843	185272	3684
7844	185298	3661
7845	185322	3637
7846	185344	3613
7847	185367	3590
7848	185392	3566
7849	185429	3543
7850	185465	3519
7851	185490	3496
7852	185515	3472
7853	185540	3449
7854	185563	3425
7855	185585	3401
7856	185609	3378
7857	185632	3354
7858	185658	3330
7859	185680	3307
7860	185702	3283
7861	185724	3259
7862	185747	3236
7863	185771	3212
7864	185792	3189
7865	185814	3165
7866	185840	3141
7867	185867	3118
7868	185892	3094
7869	185913	3070
7870	185936	3047
7871	185959	3023
7872	185986	3000
7873	186007	2976
7874	186031	2952
7875	186053	2929
7876	186075	2905
7877	186096	2881
7878	186117	2858
7879	186140	2834
7880	186163	2810
7881	186186	2787
7882	186208	2763
7883	186225	2740
7884	186249	2716
7885	186271	2692
7886	186292	2669
7887	186313	2645
7888	186334	2621
7889	186355	2598
7890	186377	2574
7891	186401	2550
7892	186431	2527
7893	186452	2503
7894	186473	2480
7895	186496	2456
7896	186520	2432
7897	186541	2409
7898	186564	2385
7899	186586	2361
7900	186609	2338
7901	186632	2314
7902	186654	2290
7903	186676	2267
7904	186699	2243
7905	186722	2220
7906	186746	2196
7907	186766	2172
7908	186788	2149
7909	186810	2125
7910	186832	2101
7911	186853	2078
7912	186874	2054
7913	186894	2030
7914	186916	2007
7915	186939	1983
7916	186960	1960
7917	186980	1936
7918	187003	1912
7919	187025	1889
7920	187046	1865
7921	187069	1841
7922	187092	1818
7923	187116	1794
7924	187143	1771
7925	187168	1747
7926	187193	1723
7927	187223	1700
7928	187250	1676
7929	187276	1653
7930	187301	1629
7931	187325	1605
7932	187348	1582
7933	187371	1558
7934	187394	1535
7935	187419	1511
7936	187442	1487
7937	187474	1464
7938	187496	1440
7939	187519	1417
7940	187543	1393
7941	187569	1369
7942	187594	1346
7943	187616	1322
7944	187637	1298
7945	187658	1275
7946	187682	1251
7947	187701	1228
7948	187725	1204
7949	187747	1180
7950	187770	1157
7951	187790	1133
7952	187810	1109
7953	187832	1086
7954	187854	1062
7955	187876	1039
7956	187900	1015
7957	187922	991
7958	187945	968
7959	187966	944
7960	187990	920
7961	188016	897
7962	188037	873
7963	188075	850
7964	188103	826
7965	188131	802
7966	188190	779
7967	188213	755
7968	188240	732
7969	188269	708
7970	188294	685
7971	188319	661
7972	188345	637
7973	188370	614
7974	188404	590
7975	188434	567
7976	188484	543
7977	188506	519
7978	188526	496
7979	188549	472
7980	188574	448
7981	188596	425
7982	188620	401
7983	188640	378
7984	188665	354
7985	188688	330
7986	188709	307
7987	188732	283
7988	188763	259
7989	188792	236
7990	188816	212
7991	188846	189
7992	188875	165
7993	188899	141
7994	188922	118
7995	188945	94
7996	188963	70
7997	188987	47
7998	189013	23
7999	189036	0
